frame,time_seconds,cell_count,moving_cells,mean_speed_px_s,median_speed_px_s,max_speed_px_s,mean_displacement_px,total_displacement_px,mean_cell_area_px
1,0.125,0,0,0.0,0.0,0.0,0.0,0.0,0.0
2,0.25,0,0,0.0,0.0,0.0,0.0,0.0,0.0
3,0.375,1,0,0.0,0.0,0.0,0.0,0.0,716.0
4,0.5,0,0,0.0,0.0,0.0,0.0,0.0,0.0
5,0.625,0,0,0.0,0.0,0.0,0.0,0.0,0.0
6,0.75,0,0,0.0,0.0,0.0,0.0,0.0,0.0
7,0.875,0,0,0.0,0.0,0.0,0.0,0.0,0.0
8,1.0,0,0,0.0,0.0,0.0,0.0,0.0,0.0
9,1.125,0,0,0.0,0.0,0.0,0.0,0.0,0.0
10,1.25,1,0,0.0,0.0,0.0,0.0,0.0,755.0
11,1.375,1,1,13.021653497875818,13.021653497875818,13.021653497875818,1.6277066872344772,1.6277066872344772,704.0
12,1.5,0,0,0.0,0.0,0.0,0.0,0.0,0.0
13,1.625,1,1,10.301660148797607,10.301660148797607,10.301660148797607,1.287707518599701,1.287707518599701,775.0
14,1.75,1,1,11.90899671617961,11.90899671617961,11.90899671617961,1.4886245895224512,1.4886245895224512,743.0
15,1.875,1,1,12.59071252878119,12.59071252878119,12.59071252878119,1.5738390660976487,1.5738390660976487,763.0
16,2.0,0,0,0.0,0.0,0.0,0.0,0.0,0.0
17,2.125,0,0,0.0,0.0,0.0,0.0,0.0,0.0
18,2.25,0,0,0.0,0.0,0.0,0.0,0.0,0.0
19,2.375,0,0,0.0,0.0,0.0,0.0,0.0,0.0
20,2.5,1,1,6.142726037454602,6.142726037454602,6.142726037454602,0.7678407546818252,0.7678407546818252,798.0
21,2.625,1,1,8.089968550836169,8.089968550836169,8.089968550836169,1.011246068854521,1.011246068854521,825.0
22,2.75,0,0,0.0,0.0,0.0,0.0,0.0,0.0
23,2.875,0,0,0.0,0.0,0.0,0.0,0.0,0.0
24,3.0,1,0,1.189817376487561,1.189817376487561,1.189817376487561,0.14872717206094513,0.14872717206094513,829.0
25,3.125,0,0,0.0,0.0,0.0,0.0,0.0,0.0
26,3.25,1,1,10.414026725018399,10.414026725018399,10.414026725018399,1.3017533406272999,1.3017533406272999,857.0
27,3.375,0,0,0.0,0.0,0.0,0.0,0.0,0.0
28,3.5,1,1,64.76175372946456,64.76175372946456,64.76175372946456,8.09521921618307,8.09521921618307,618.0
29,3.625,0,0,0.0,0.0,0.0,0.0,0.0,0.0
30,3.75,1,1,3.097414599403327,3.097414599403327,3.097414599403327,0.3871768249254159,0.3871768249254159,641.0
31,3.875,0,0,0.0,0.0,0.0,0.0,0.0,0.0
32,4.0,1,1,15.337725616703677,15.337725616703677,15.337725616703677,1.9172157020879597,1.9172157020879597,606.0
33,4.125,0,0,0.0,0.0,0.0,0.0,0.0,0.0
34,4.25,1,1,81.43528412659504,81.43528412659504,81.43528412659504,10.17941051582438,10.17941051582438,931.0
35,4.375,0,0,0.0,0.0,0.0,0.0,0.0,0.0
36,4.5,0,0,0.0,0.0,0.0,0.0,0.0,0.0
37,4.625,0,0,0.0,0.0,0.0,0.0,0.0,0.0
38,4.75,1,1,63.77076506838074,63.77076506838074,63.77076506838074,7.9713456335475925,7.9713456335475925,661.0
39,4.875,1,1,11.282535396596682,11.282535396596682,11.282535396596682,1.4103169245745852,1.4103169245745852,681.0
40,5.0,0,0,0.0,0.0,0.0,0.0,0.0,0.0
41,5.125,1,1,70.18215491328705,70.18215491328705,70.18215491328705,8.772769364160881,8.772769364160881,982.0
42,5.25,0,0,0.0,0.0,0.0,0.0,0.0,0.0
43,5.375,0,0,0.0,0.0,0.0,0.0,0.0,0.0
44,5.5,0,0,0.0,0.0,0.0,0.0,0.0,0.0
45,5.625,0,0,0.0,0.0,0.0,0.0,0.0,0.0
46,5.75,0,0,0.0,0.0,0.0,0.0,0.0,0.0
47,5.875,1,0,0.0,0.0,0.0,0.0,0.0,735.0
48,6.0,1,1,75.18083543697671,75.18083543697671,75.18083543697671,9.397604429622088,9.397604429622088,1068.0
49,6.125,0,0,0.0,0.0,0.0,0.0,0.0,0.0
50,6.25,1,1,104.04560862075519,104.04560862075519,104.04560862075519,13.005701077594399,13.005701077594399,645.0
51,6.375,1,1,108.24764670971373,108.24764670971373,108.24764670971373,13.530955838714217,13.530955838714217,1103.0
52,6.5,1,1,85.11368876486716,85.11368876486716,85.11368876486716,10.639211095608395,10.639211095608395,775.0
53,6.625,0,0,0.0,0.0,0.0,0.0,0.0,0.0
54,6.75,0,0,0.0,0.0,0.0,0.0,0.0,0.0
55,6.875,0,0,0.0,0.0,0.0,0.0,0.0,0.0
56,7.0,0,0,0.0,0.0,0.0,0.0,0.0,0.0
57,7.125,0,0,0.0,0.0,0.0,0.0,0.0,0.0
58,7.25,0,0,0.0,0.0,0.0,0.0,0.0,0.0
59,7.375,0,0,0.0,0.0,0.0,0.0,0.0,0.0
60,7.5,1,0,0.0,0.0,0.0,0.0,0.0,700.0
61,7.625,0,0,0.0,0.0,0.0,0.0,0.0,0.0
62,7.75,1,1,230.7813271621912,230.7813271621912,230.7813271621912,28.8476658952739,28.8476658952739,833.0
63,7.875,0,0,0.0,0.0,0.0,0.0,0.0,0.0
64,8.0,0,0,0.0,0.0,0.0,0.0,0.0,0.0
65,8.125,1,1,224.6943630958962,224.6943630958962,224.6943630958962,28.086795386987024,28.086795386987024,720.0
66,8.25,0,0,0.0,0.0,0.0,0.0,0.0,0.0
67,8.375,1,1,299.86753837657704,299.86753837657704,299.86753837657704,37.48344229707213,37.48344229707213,598.0
68,8.5,1,1,8.708103738042334,8.708103738042334,8.708103738042334,1.0885129672552918,1.0885129672552918,595.0
69,8.625,1,1,5.755852471606216,5.755852471606216,5.755852471606216,0.719481558950777,0.719481558950777,587.0
70,8.75,1,1,2.325914525050807,2.325914525050807,2.325914525050807,0.29073931563135086,0.29073931563135086,610.0
71,8.875,1,1,3.259315127847638,3.259315127847638,3.259315127847638,0.4074143909809548,0.4074143909809548,595.0
72,9.0,1,1,7.257959092638997,7.257959092638997,7.257959092638997,0.9072448865798747,0.9072448865798747,598.0
73,9.125,0,0,0.0,0.0,0.0,0.0,0.0,0.0
74,9.25,1,1,264.5407816511333,264.5407816511333,264.5407816511333,33.06759770639166,33.06759770639166,962.0
75,9.375,1,1,50.24713594016879,50.24713594016879,50.24713594016879,6.280891992521099,6.280891992521099,822.0
76,9.5,1,1,5.94545403949743,5.94545403949743,5.94545403949743,0.7431817549371788,0.7431817549371788,802.0
77,9.625,1,1,5.431648500117541,5.431648500117541,5.431648500117541,0.6789560625146926,0.6789560625146926,786.0
78,9.75,0,0,0.0,0.0,0.0,0.0,0.0,0.0
79,9.875,1,1,6.241927755683055,6.241927755683055,6.241927755683055,0.7802409694603819,0.7802409694603819,790.0
80,10.0,1,1,4.844309505200804,4.844309505200804,4.844309505200804,0.6055386881501005,0.6055386881501005,782.0
81,10.125,1,1,3.547232370382573,3.547232370382573,3.547232370382573,0.44340404629782165,0.44340404629782165,837.0
82,10.25,2,1,35.826656883641824,35.826656883641824,35.826656883641824,2.239166055227614,4.478332110455228,822.0
83,10.375,1,1,40.16069768927263,40.16069768927263,40.16069768927263,5.020087211159079,5.020087211159079,814.0
84,10.5,0,0,0.0,0.0,0.0,0.0,0.0,0.0
85,10.625,2,2,26.952178934556635,26.952178934556635,47.827382830174706,3.3690223668195793,6.738044733639159,868.5
86,10.75,1,1,14.896986227894221,14.896986227894221,14.896986227894221,1.8621232784867776,1.8621232784867776,857.0
87,10.875,1,1,19.991502970415475,19.991502970415475,19.991502970415475,2.4989378713019343,2.4989378713019343,869.0
88,11.0,1,1,34.795245915267905,34.795245915267905,34.795245915267905,4.349405739408488,4.349405739408488,688.0
89,11.125,2,2,17.69676706046166,17.69676706046166,32.2528655417858,2.2120958825577075,4.424191765115415,876.5
90,11.25,1,1,22.079920022024098,22.079920022024098,22.079920022024098,2.759990002753012,2.759990002753012,853.0
91,11.375,2,2,21.281003900521966,21.281003900521966,35.911396355848176,2.660125487565246,5.320250975130492,888.0
92,11.5,0,0,0.0,0.0,0.0,0.0,0.0,0.0
93,11.625,2,1,3.2256114320698464,3.2256114320698464,5.36395728540189,0.4032014290087308,0.8064028580174616,919.5
94,11.75,0,0,0.0,0.0,0.0,0.0,0.0,0.0
95,11.875,2,2,6.45359124139339,6.45359124139339,9.99421860695035,0.8066989051741738,1.6133978103483475,912.0
96,12.0,2,2,4.136074759581529,4.136074759581529,4.862528239126838,0.5170093449476911,1.0340186898953823,917.5
97,12.125,2,1,2.701305432046362,2.701305432046362,4.426742803276994,0.33766317900579523,0.6753263580115905,925.0
98,12.25,2,2,9.746496417670583,9.746496417670583,13.779991550852865,1.2183120522088229,2.4366241044176458,978.0
99,12.375,2,2,7.497368478220983,7.497368478220983,10.02103381206412,0.9371710597776228,1.8743421195552457,958.5
100,12.5,2,2,6.572049950751621,6.572049950751621,10.416792315926132,0.8215062438439527,1.6430124876879053,994.0
101,12.625,2,2,4.118363979671306,4.118363979671306,5.000725249191322,0.5147954974589133,1.0295909949178266,988.0
102,12.75,2,2,5.2973289078991215,5.2973289078991215,6.8474925554057435,0.6621661134873902,1.3243322269747804,989.5
103,12.875,2,2,11.280565155627766,11.280565155627766,13.452242503322225,1.4100706444534707,2.8201412889069415,998.0
104,13.0,2,2,9.46493227320504,9.46493227320504,13.455029552148467,1.18311653415063,2.36623306830126,1001.5
105,13.125,2,2,5.097727788079873,5.097727788079873,7.72872618576139,0.6372159735099842,1.2744319470199683,1015.5
106,13.25,2,1,2.0341997315494478,2.0341997315494478,3.515802223070328,0.25427496644368097,0.5085499328873619,1036.5
107,13.375,2,2,11.219668533242231,11.219668533242231,17.09676614552193,1.402458566655279,2.804917133310558,1023.0
108,13.5,2,1,5.480700689210571,5.480700689210571,10.483560878973533,0.6850875861513214,1.3701751723026427,1054.5
109,13.625,2,2,5.492406324290849,5.492406324290849,6.356248968814383,0.6865507905363561,1.3731015810727123,1089.5
110,13.75,2,2,47.376418847643365,47.376418847643365,92.30773830435555,5.922052355955421,11.844104711910841,857.0
111,13.875,2,2,43.640382671322484,43.640382671322484,82.3502753057877,5.455047833915311,10.910095667830621,1072.0
112,14.0,2,2,14.759287869952452,14.759287869952452,19.872648955602607,1.8449109837440565,3.689821967488113,1103.0
113,14.125,2,2,12.345525950576231,12.345525950576231,12.669747846279426,1.543190743822029,3.086381487644058,1115.0
114,14.25,2,1,2.6055587150649537,2.6055587150649537,4.528016807762553,0.3256948393831192,0.6513896787662384,1156.5
115,14.375,2,2,11.229754031568984,11.229754031568984,13.03921995269696,1.403719253946123,2.807438507892246,1138.5
116,14.5,2,1,2.149318591946388,2.149318591946388,2.882630339121379,0.2686648239932985,0.537329647986597,1158.0
117,14.625,2,2,3.8405907665745653,3.8405907665745653,5.830799205024549,0.48007384582182067,0.9601476916436413,1162.0
118,14.75,2,2,8.978400410736624,8.978400410736624,11.838406100606909,1.122300051342078,2.244600102684156,1167.5
119,14.875,2,2,4.794599361465462,4.794599361465462,5.09469032075549,0.5993249201831827,1.1986498403663655,1203.0
120,15.0,2,2,50.570680657842054,50.570680657842054,83.02364353265784,6.321335082230257,12.642670164460514,939.0
121,15.125,2,2,54.62307178144236,54.62307178144236,98.13413992650915,6.827883972680295,13.65576794536059,1197.5
122,15.25,2,2,8.633759294509769,8.633759294509769,11.034990591996202,1.0792199118137211,2.1584398236274422,1223.0
123,15.375,2,2,2.693045275794409,2.693045275794409,3.523566976391577,0.33663065947430115,0.6732613189486023,1242.5
124,15.5,2,2,7.675506357191231,7.675506357191231,8.052934182260696,0.9594382946489038,1.9188765892978077,1261.5
125,15.625,2,2,38.144162822636865,38.144162822636865,68.81216348441397,4.768020352829608,9.536040705659216,1097.5
126,15.75,2,1,37.80587745962629,37.80587745962629,74.85233206210648,4.725734682453286,9.451469364906572,1295.0
127,15.875,2,2,7.279449905281517,7.279449905281517,7.944070346631168,0.9099312381601896,1.8198624763203792,1328.5
128,16.0,2,2,17.151322543141177,17.151322543141177,17.163584569222767,2.143915317892647,4.287830635785294,1332.5
129,16.125,2,2,7.234535533634922,7.234535533634922,10.346473805466662,0.9043169417043653,1.8086338834087305,1334.5
130,16.25,2,2,2.7617969201003563,2.7617969201003563,3.227131348701315,0.34522461501254453,0.6904492300250891,1328.5
131,16.375,2,2,48.162761394978816,48.162761394978816,84.32982265987174,6.020345174372352,12.040690348744704,1148.5
132,16.5,2,2,45.41317618168601,45.41317618168601,84.7136299431753,5.6766470227107515,11.353294045421503,1369.5
133,16.625,2,2,15.013141129850935,15.013141129850935,21.319895123439366,1.8766426412313668,3.7532852824627336,1354.0
134,16.75,2,2,8.724668170961607,8.724668170961607,14.523929420281721,1.0905835213702009,2.1811670427404017,1477.0
135,16.875,2,2,5.611377572191009,5.611377572191009,6.141208568947857,0.7014221965238762,1.4028443930477523,1497.0
136,17.0,2,2,2.147243857252495,2.147243857252495,2.623530436820548,0.26840548215656185,0.5368109643131237,1555.5
137,17.125,2,2,29.3603563876423,29.3603563876423,50.473879837489264,3.6700445484552877,7.340089096910575,1293.5
138,17.25,2,2,50.97577182084531,50.97577182084531,99.92155194005724,6.371971477605664,12.743942955211327,1081.5
139,17.375,2,2,57.37520905351572,57.37520905351572,100.93878285182184,7.171901131689465,14.34380226337893,1338.5
140,17.5,2,2,35.61186298325652,35.61186298325652,57.358255679269355,4.451482872907065,8.90296574581413,1618.0
141,17.625,2,2,30.01604121382202,30.01604121382202,46.7722963263799,3.7520051517277526,7.504010303455505,1352.0
142,17.75,2,2,30.61503378565262,30.61503378565262,51.728447372440016,3.8268792232065776,7.653758446413155,1649.5
143,17.875,2,2,46.28166749757201,46.28166749757201,75.12995442661781,5.785208437196501,11.570416874393002,1398.5
144,18.0,2,2,44.27572881470535,44.27572881470535,71.04244894129374,5.534466101838169,11.068932203676338,1675.0
145,18.125,2,2,32.82658168836908,32.82658168836908,52.9744860209312,4.103322711046135,8.20664542209227,1420.5
146,18.25,2,2,5.4024627577096,5.4024627577096,6.0502427687937965,0.6753078447137,1.3506156894274,1400.5
147,18.375,2,1,7.053104859702424,7.053104859702424,13.458227521172354,0.881638107462803,1.763276214925606,1395.0
148,18.5,2,2,30.56497851097837,30.56497851097837,42.52694289954606,3.8206223138722963,7.641244627744593,1790.5
149,18.625,2,1,3.268437315306384,3.268437315306384,5.041245756743715,0.408554664413298,0.817109328826596,1808.0
150,18.75,2,2,23.417775841610563,23.417775841610563,40.04360060203617,2.9272219802013204,5.854443960402641,1569.0
151,18.875,2,2,23.12850293540052,23.12850293540052,39.078094896893006,2.891062866925065,5.78212573385013,1792.0
152,19.0,2,2,31.082263148394862,31.082263148394862,51.78899625307117,3.8852828935493577,7.7705657870987155,1616.0
153,19.125,2,2,15.189188242674756,15.189188242674756,15.323255086035553,1.8986485303343446,3.797297060668689,1704.5
154,19.25,2,2,19.82638715131081,19.82638715131081,26.108477450843814,2.4782983939138514,4.956596787827703,1694.5
155,19.375,2,2,8.304518554006059,8.304518554006059,11.492455925798845,1.0380648192507573,2.0761296385015147,1649.5
156,19.5,2,2,11.439877457673319,11.439877457673319,13.450460141176206,1.4299846822091649,2.8599693644183297,1796.5
157,19.625,2,1,4.227718696559476,4.227718696559476,7.234320525452447,0.5284648370699345,1.056929674139869,1649.5
158,19.75,2,2,9.278169014737884,9.278169014737884,10.501684068949329,1.1597711268422355,2.319542253684471,1823.5
159,19.875,1,1,125.722379096537,125.722379096537,125.722379096537,15.715297387067125,15.715297387067125,3558.0
160,20.0,2,2,65.28562547866328,65.28562547866328,124.63486430226605,8.16070318483291,16.32140636966582,1804.0
161,20.125,1,1,125.9192659069888,125.9192659069888,125.9192659069888,15.7399082383736,15.7399082383736,3703.0
162,20.25,2,2,85.75116056313854,85.75116056313854,126.29515553385919,10.718895070392318,21.437790140784635,2092.0
163,20.375,2,2,27.39264720196647,27.39264720196647,39.78829950504381,3.4240809002458086,6.848161800491617,1822.0
164,20.5,2,2,9.793563366823987,9.793563366823987,12.388988183385255,1.2241954208529984,2.4483908417059967,1853.0
165,20.625,1,1,124.89806986597823,124.89806986597823,124.89806986597823,15.612258733247279,15.612258733247279,3761.0
166,20.75,1,1,29.7237221594093,29.7237221594093,29.7237221594093,3.7154652699261623,3.7154652699261623,4247.0
167,20.875,1,1,6.809208139534467,6.809208139534467,6.809208139534467,0.8511510174418083,0.8511510174418083,4294.0
168,21.0,2,2,178.4324613741092,178.4324613741092,297.03131495907274,22.30405767176365,44.6081153435273,1937.0
169,21.125,2,1,111.98481029841334,111.98481029841334,111.98481029841334,6.9990506436508335,13.998101287301667,2060.5
170,21.25,1,1,75.49875613069916,75.49875613069916,75.49875613069916,9.437344516337395,9.437344516337395,4482.0
171,21.375,2,2,87.20025030329197,87.20025030329197,127.55617167202091,10.900031287911496,21.80006257582299,2264.0
172,21.5,2,1,4.783324851794402,4.783324851794402,8.805924837263063,0.5979156064743002,1.1958312129486004,2246.5
173,21.625,2,2,10.231966703205352,10.231966703205352,11.552959196268754,1.278995837900669,2.557991675801338,2285.5
174,21.75,2,2,32.69757504870976,32.69757504870976,42.821559706532106,4.08719688108872,8.17439376217744,2315.0
175,21.875,2,2,12.134563013451514,12.134563013451514,12.284085410489903,1.5168203766814392,3.0336407533628784,2422.5
176,22.0,2,2,24.122853602851926,24.122853602851926,32.236447272575795,3.0153567003564907,6.0307134007129815,2326.5
177,22.125,2,2,26.386207200221648,26.386207200221648,35.23286126204989,3.298275900027706,6.596551800055412,2432.5
178,22.25,2,2,23.99711721178621,23.99711721178621,29.301428967591228,2.9996396514732764,5.999279302946553,2405.0
179,22.375,2,2,9.951009618605815,9.951009618605815,13.252981754005125,1.2438762023257268,2.4877524046514536,2426.5
180,22.5,2,2,19.377260406168062,19.377260406168062,20.34644911594816,2.422157550771008,4.844315101542016,2444.5
181,22.625,2,2,48.720310812420536,48.720310812420536,54.90494145366189,6.090038851552567,12.180077703105134,2467.5
182,22.75,1,1,96.24234527634243,96.24234527634243,96.24234527634243,12.030293159542804,12.030293159542804,4975.0
183,22.875,1,1,17.55912418952815,17.55912418952815,17.55912418952815,2.1948905236910186,2.1948905236910186,4983.0
184,23.0,2,2,207.62975213940845,207.62975213940845,335.52543539976176,25.953719017426057,51.90743803485211,2428.5
185,23.125,2,2,190.40241695770334,190.40241695770334,245.83226753475896,23.800302119712917,47.600604239425834,2540.0
186,23.25,2,2,4.478891704493702,4.478891704493702,5.060611450116203,0.5598614630617128,1.1197229261234256,2567.0
187,23.375,2,2,33.28516112382645,33.28516112382645,41.72386693972494,4.160645140478306,8.321290280956612,2577.5
188,23.5,2,2,7.426036298097212,7.426036298097212,7.553111122047392,0.9282545372621515,1.856509074524303,2583.0
189,23.625,1,1,106.33615168805177,106.33615168805177,106.33615168805177,13.292018961006471,13.292018961006471,5292.0
190,23.75,2,2,63.002146302680956,63.002146302680956,92.94556227304088,7.8752682878351195,15.750536575670239,2608.5
191,23.875,1,1,90.34357578939476,90.34357578939476,90.34357578939476,11.292946973674345,11.292946973674345,5312.0
192,24.0,2,2,50.930194250966466,50.930194250966466,90.20740234143055,6.366274281370808,12.732548562741616,2636.0
193,24.125,1,1,92.20400081296827,92.20400081296827,92.20400081296827,11.525500101621034,11.525500101621034,5300.0
194,24.25,1,1,8.157936695201785,8.157936695201785,8.157936695201785,1.0197420869002232,1.0197420869002232,5386.0
195,24.375,1,1,14.775477306369675,14.775477306369675,14.775477306369675,1.8469346632962094,1.8469346632962094,5441.0
196,24.5,1,1,20.278960536970235,20.278960536970235,20.278960536970235,2.5348700671212794,2.5348700671212794,5433.0
197,24.625,2,2,52.11375667545791,52.11375667545791,94.04250819913088,6.514219584432238,13.028439168864477,2671.0
198,24.75,1,1,86.61446603129752,86.61446603129752,86.61446603129752,10.82680825391219,10.82680825391219,5515.0
199,24.875,2,2,55.131665175771666,55.131665175771666,94.98093161021909,6.891458146971458,13.782916293942916,2659.5
200,25.0,1,1,96.10827238936733,96.10827238936733,96.10827238936733,12.013534048670916,12.013534048670916,5507.0
201,25.125,2,2,50.250169126850075,50.250169126850075,93.06454384253837,6.281271140856259,12.562542281712519,2784.5
202,25.25,2,2,15.132174006454363,15.132174006454363,18.822061207362605,1.8915217508067954,3.783043501613591,2792.5
203,25.375,2,2,23.308254542738652,23.308254542738652,37.12758995205406,2.9135318178423315,5.827063635684663,2816.0
204,25.5,1,1,82.53023923434652,82.53023923434652,82.53023923434652,10.316279904293316,10.316279904293316,5742.0
205,25.625,1,1,20.157995558020282,20.157995558020282,20.157995558020282,2.5197494447525353,2.5197494447525353,6110.0
206,25.75,2,2,47.40844793428481,47.40844793428481,81.6081496496878,5.926055991785601,11.852111983571202,2970.5
207,25.875,1,1,76.7498651588741,76.7498651588741,76.7498651588741,9.593733144859263,9.593733144859263,6216.0
208,26.0,2,1,69.4073952428189,69.4073952428189,69.4073952428189,4.337962202676181,8.675924405352362,3107.5
209,26.125,1,1,60.28252868262423,60.28252868262423,60.28252868262423,7.535316085328029,7.535316085328029,6318.0
210,26.25,2,2,34.31321099893593,34.31321099893593,58.85554260428791,4.289151374866991,8.578302749733982,3129.5
211,26.375,2,2,7.532225766317463,7.532225766317463,9.855644987095179,0.9415282207896829,1.8830564415793658,3086.0
212,26.5,1,1,64.56542218689277,64.56542218689277,64.56542218689277,8.070677773361597,8.070677773361597,6572.0
213,26.625,1,1,1.969124364400335,1.969124364400335,1.969124364400335,0.24614054555004186,0.24614054555004186,6024.0
214,26.75,2,2,180.3435949814059,180.3435949814059,182.29195158969878,22.542949372675736,45.08589874535147,2804.0
215,26.875,2,2,150.1749300471976,150.1749300471976,186.26004922506084,18.7718662558997,37.5437325117994,2923.5
216,27.0,2,1,1.778455280020541,1.778455280020541,2.5095669149645903,0.22230691000256764,0.4446138200051353,2941.5
217,27.125,2,2,222.0835752093702,222.0835752093702,359.6596764522001,27.760446901171274,55.52089380234255,3158.5
218,27.25,2,1,81.69239694874236,81.69239694874236,81.69239694874236,5.105774809296397,10.211549618592795,3190.0
219,27.375,2,2,9.234255025324357,9.234255025324357,11.293317840299222,1.1542818781655446,2.3085637563310892,3229.0
220,27.5,1,1,88.39608711890125,88.39608711890125,88.39608711890125,11.049510889862656,11.049510889862656,6560.0
221,27.625,2,2,46.32874520649473,46.32874520649473,87.05816710278458,5.791093150811841,11.582186301623683,3295.5
222,27.75,1,1,90.04375818969781,90.04375818969781,90.04375818969781,11.255469773712226,11.255469773712226,6666.0
223,27.875,2,2,185.57738340470866,185.57738340470866,345.98016577312205,23.197172925588582,46.394345851177164,3372.0
224,28.0,4,2,94.7923327886358,94.7923327886358,166.32634662665598,5.924520799289738,23.69808319715895,1554.5
225,28.125,2,2,91.73143611844702,91.73143611844702,164.3617530358207,11.466429514805878,22.932859029611755,3464.0
226,28.25,3,3,42.45749265566604,7.679583926410904,116.79119950706595,5.307186581958255,15.921559745874763,2276.3333333333335
227,28.375,1,1,139.0343513348634,139.0343513348634,139.0343513348634,17.379293916857925,17.379293916857925,7402.0
228,28.5,4,4,61.62811910368111,9.932402101545904,219.3255277030339,7.7035148879601385,30.814059551840554,1619.25
229,28.625,2,2,134.4727967350015,134.4727967350015,164.2795637420628,16.80909959187519,33.61819918375038,3587.5
230,28.75,4,4,60.06151591129624,56.27225538393027,116.23822382295273,7.50768948891203,30.03075795564812,1758.25
231,28.875,4,4,8.996951714220977,8.290706758994217,16.23728048181434,1.124618964277622,4.498475857110488,1765.75
232,29.0,3,3,55.72164496126021,40.20561358267179,121.66928377818117,6.965205620157526,20.89561686047258,2392.3333333333335
233,29.125,3,2,2.7477947780390237,2.6670339420887044,4.536024998981709,0.34347434725487797,1.0304230417646338,2411.0
234,29.25,4,4,39.23638514282226,10.692373339619246,129.11836102836682,4.904548142852782,19.61819257141113,1739.5
235,29.375,2,2,102.53547659249243,102.53547659249243,200.88143438769322,12.816934574061554,25.633869148123107,3984.5
236,29.5,3,3,117.17509437000956,139.52803770174413,203.44072928695394,14.646886796251195,43.940660388753585,2575.3333333333335
237,29.625,2,2,94.83863712695428,94.83863712695428,181.95941807314762,11.854829640869285,23.70965928173857,4156.5
238,29.75,2,2,13.359379505671164,13.359379505671164,14.679183573639602,1.6699224382088955,3.339844876417791,4147.0
239,29.875,2,2,2.6969993082648376,2.6969993082648376,3.84462624507766,0.3371249135331047,0.6742498270662094,4180.0
240,30.0,1,1,61.974286648726455,61.974286648726455,61.974286648726455,7.746785831090807,7.746785831090807,8514.0
241,30.125,2,1,85.25901797488314,85.25901797488314,85.25901797488314,5.328688623430196,10.657377246860392,4061.0
242,30.25,1,1,85.97705554432062,85.97705554432062,85.97705554432062,10.747131943040078,10.747131943040078,8639.0
243,30.375,1,1,2.986130194242329,2.986130194242329,2.986130194242329,0.37326627428029113,0.37326627428029113,8827.0
244,30.5,1,1,15.08970266145735,15.08970266145735,15.08970266145735,1.8862128326821688,1.8862128326821688,8823.0
245,30.625,1,1,7.5475634132650535,7.5475634132650535,7.5475634132650535,0.9434454266581317,0.9434454266581317,9007.0
246,30.75,1,1,7.474134214529422,7.474134214529422,7.474134214529422,0.9342667768161778,0.9342667768161778,9062.0
247,30.875,1,1,9.7783372812681,9.7783372812681,9.7783372812681,1.2222921601585126,1.2222921601585126,9026.0
248,31.0,1,1,6.80143623369853,6.80143623369853,6.80143623369853,0.8501795292123162,0.8501795292123162,9304.0
249,31.125,1,1,12.066855542621884,12.066855542621884,12.066855542621884,1.5083569428277355,1.5083569428277355,9238.0
250,31.25,1,1,9.1969732016697,9.1969732016697,9.1969732016697,1.1496216502087124,1.1496216502087124,9418.0
251,31.375,1,1,6.370488205548512,6.370488205548512,6.370488205548512,0.796311025693564,0.796311025693564,9461.0
252,31.5,1,1,7.509714419611989,7.509714419611989,7.509714419611989,0.9387143024514987,0.9387143024514987,9598.0
253,31.625,1,1,2.8672958442978795,2.8672958442978795,2.8672958442978795,0.35841198053723494,0.35841198053723494,9704.0
254,31.75,1,1,11.508191987839043,11.508191987839043,11.508191987839043,1.4385239984798803,1.4385239984798803,9719.0
255,31.875,1,1,15.510299038591736,15.510299038591736,15.510299038591736,1.938787379823967,1.938787379823967,9715.0
256,32.0,1,1,14.935140238260107,14.935140238260107,14.935140238260107,1.8668925297825134,1.8668925297825134,9833.0
257,32.125,1,1,6.55242373764276,6.55242373764276,6.55242373764276,0.819052967205345,0.819052967205345,9911.0
258,32.25,1,1,10.724925253550417,10.724925253550417,10.724925253550417,1.3406156566938021,1.3406156566938021,10040.0
259,32.375,1,1,13.094535163705409,13.094535163705409,13.094535163705409,1.636816895463176,1.636816895463176,10076.0
260,32.5,1,1,3.0519858376594504,3.0519858376594504,3.0519858376594504,0.3814982297074313,0.3814982297074313,10115.0
261,32.625,1,1,15.068160050282819,15.068160050282819,15.068160050282819,1.8835200062853523,1.8835200062853523,10193.0
262,32.75,1,1,8.366700240145954,8.366700240145954,8.366700240145954,1.0458375300182443,1.0458375300182443,10275.0
263,32.875,1,0,0.8396766350213526,0.8396766350213526,0.8396766350213526,0.10495957937766907,0.10495957937766907,10455.0
264,33.0,1,1,2.805925571505229,2.805925571505229,2.805925571505229,0.35074069643815364,0.35074069643815364,10389.0
265,33.125,1,1,21.408053529680505,21.408053529680505,21.408053529680505,2.676006691210063,2.676006691210063,10717.0
266,33.25,1,1,6.2869488115781005,6.2869488115781005,6.2869488115781005,0.7858686014472626,0.7858686014472626,10788.0
267,33.375,1,1,5.005676266715795,5.005676266715795,5.005676266715795,0.6257095333394743,0.6257095333394743,10761.0
268,33.5,1,1,20.28394758142552,20.28394758142552,20.28394758142552,2.53549344767819,2.53549344767819,11109.0
269,33.625,1,1,20.884081911927762,20.884081911927762,20.884081911927762,2.6105102389909702,2.6105102389909702,11160.0
270,33.75,1,1,18.52507822650204,18.52507822650204,18.52507822650204,2.315634778312755,2.315634778312755,11121.0
271,33.875,1,1,1.8398742649863176,1.8398742649863176,1.8398742649863176,0.2299842831232897,0.2299842831232897,11438.0
272,34.0,1,1,4.3956464848816035,4.3956464848816035,4.3956464848816035,0.5494558106102004,0.5494558106102004,11500.0
273,34.125,1,1,6.522685368256057,6.522685368256057,6.522685368256057,0.8153356710320071,0.8153356710320071,11536.0
274,34.25,1,1,1.935538026524886,1.935538026524886,1.935538026524886,0.24194225331561076,0.24194225331561076,11665.0
275,34.375,1,1,9.140107871287537,9.140107871287537,9.140107871287537,1.142513483910942,1.142513483910942,11774.0
276,34.5,1,1,12.493977509451295,12.493977509451295,12.493977509451295,1.5617471886814118,1.5617471886814118,11778.0
277,34.625,1,1,5.869061698152946,5.869061698152946,5.869061698152946,0.7336327122691183,0.7336327122691183,11900.0
278,34.75,1,1,16.61942083464047,16.61942083464047,16.61942083464047,2.0774276043300586,2.0774276043300586,11982.0
279,34.875,1,1,16.276266363101374,16.276266363101374,16.276266363101374,2.034533295387672,2.034533295387672,11994.0
280,35.0,1,1,10.671072097533001,10.671072097533001,10.671072097533001,1.3338840121916251,1.3338840121916251,12315.0
281,35.125,1,1,12.43332572797307,12.43332572797307,12.43332572797307,1.5541657159966338,1.5541657159966338,12448.0
282,35.25,1,1,7.634162625838391,7.634162625838391,7.634162625838391,0.9542703282297988,0.9542703282297988,12479.0
283,35.375,1,1,8.582270304671466,8.582270304671466,8.582270304671466,1.0727837880839333,1.0727837880839333,12878.0
284,35.5,1,1,12.421105805644062,12.421105805644062,12.421105805644062,1.5526382257055078,1.5526382257055078,13008.0
285,35.625,1,1,2.0712495458653417,2.0712495458653417,2.0712495458653417,0.2589061932331677,0.2589061932331677,13195.0
286,35.75,1,1,8.103985008373895,8.103985008373895,8.103985008373895,1.012998126046737,1.012998126046737,13176.0
287,35.875,1,1,9.770520641639106,9.770520641639106,9.770520641639106,1.2213150802048882,1.2213150802048882,13458.0
288,36.0,1,1,8.260159354332412,8.260159354332412,8.260159354332412,1.0325199192915515,1.0325199192915515,13634.0
289,36.125,1,1,5.966860308600076,5.966860308600076,5.966860308600076,0.7458575385750095,0.7458575385750095,13716.0
290,36.25,1,1,7.791534043909973,7.791534043909973,7.791534043909973,0.9739417554887466,0.9739417554887466,13728.0
291,36.375,1,1,9.383339104304552,9.383339104304552,9.383339104304552,1.172917388038069,1.172917388038069,13935.0
292,36.5,1,1,13.022564777896834,13.022564777896834,13.022564777896834,1.6278205972371043,1.6278205972371043,14033.0
293,36.625,1,1,4.861328476729358,4.861328476729358,4.861328476729358,0.6076660595911697,0.6076660595911697,14225.0
294,36.75,1,1,9.685005806052615,9.685005806052615,9.685005806052615,1.210625725756577,1.210625725756577,14507.0
295,36.875,1,1,9.428674529814373,9.428674529814373,9.428674529814373,1.1785843162267966,1.1785843162267966,14757.0
296,37.0,1,1,5.442821480985456,5.442821480985456,5.442821480985456,0.680352685123182,0.680352685123182,14804.0
297,37.125,1,1,3.0716216617479115,3.0716216617479115,3.0716216617479115,0.38395270771848894,0.38395270771848894,14558.0
298,37.25,1,1,18.699467532648395,18.699467532648395,18.699467532648395,2.3374334415810494,2.3374334415810494,15247.0
299,37.375,1,1,29.201419495863153,29.201419495863153,29.201419495863153,3.650177436982894,3.650177436982894,14871.0
300,37.5,3,1,316.52844614060524,316.52844614060524,316.52844614060524,13.188685255858552,39.566055767575655,4990.666666666667
301,37.625,3,3,187.97031000686073,225.0038032917947,326.5882604112716,23.49628875085759,70.48886625257278,4880.666666666667
302,37.75,3,3,10.087118760846478,8.56151592910345,19.24469793072187,1.2608898451058097,3.782669535317429,4929.0
303,37.875,3,2,17.54279498376686,15.525448353428114,36.19030931092332,2.1928493729708576,6.578548118912573,4942.333333333333
304,38.0,3,3,187.29566968473168,138.38190395877362,324.6059094391102,23.41195871059146,70.23587613177438,5328.333333333333
305,38.125,3,3,95.30366534755926,118.18286725404722,120.76206760925862,11.912958168444908,35.73887450533472,5251.666666666667
306,38.25,3,3,103.77897768500243,122.29803174149804,128.97015991531902,12.972372210625304,38.91711663187591,5402.666666666667
307,38.375,3,3,11.10577936193413,12.30015717727681,13.654214271678757,1.3882224202417663,4.164667260725299,5452.333333333333
308,38.5,3,3,97.0238519962232,118.21305421150288,127.152888756614,12.1279814995279,36.3839444985837,5315.333333333333
309,38.625,3,3,103.06859019345251,125.92744633376732,129.48577087955198,12.883573774181563,38.65072132254469,5498.333333333333
310,38.75,3,3,11.20539912809817,9.540096051475327,15.432298047790699,1.4006748910122713,4.202024673036814,5538.666666666667
311,38.875,3,3,11.83952890026506,10.134734796524551,16.812799106165652,1.4799411125331325,4.439823337599398,5628.333333333333
312,39.0,3,3,10.684953536965233,12.04392970651025,12.901332147470294,1.3356191921206542,4.006857576361963,5648.0
313,39.125,3,3,11.987302408255937,8.80203697647974,18.59745248964589,1.4984128010319921,4.495238403095977,5672.0
314,39.25,3,3,8.492654708816294,5.266613191936397,15.434634057487031,1.0615818386020368,3.18474551580611,5756.333333333333
315,39.375,3,3,151.59078921666995,210.7411647254113,230.09599963648463,18.948848652083743,56.846545956251234,5613.0
316,39.5,3,3,141.1442087246888,202.91091831031923,213.54066891759035,17.6430260905861,52.9290782717583,5849.0
317,39.625,3,3,103.47288442113398,117.54971066958352,127.94701371947232,12.934110552641748,38.802331657925244,5727.666666666667
318,39.75,3,3,111.13585401365818,122.92960884018197,134.4795349116425,13.891981751707272,41.67594525512182,5951.0
319,39.875,3,3,12.272181912610469,13.666535141198521,16.57626335245012,1.5340227390763086,4.602068217228926,6004.333333333333
320,40.0,3,3,6.459260306749573,5.145697452410394,9.161117573872296,0.8074075383436966,2.4222226150310897,6076.333333333333
321,40.125,2,2,124.16145387432259,124.16145387432259,242.08264083832293,15.520181734290324,31.040363468580647,9296.5
322,40.25,1,1,60.02263983470575,60.02263983470575,60.02263983470575,7.502829979338219,7.502829979338219,18390.0
323,40.375,1,1,10.48002326831808,10.48002326831808,10.48002326831808,1.31000290853976,1.31000290853976,19012.0
324,40.5,1,1,12.81613259108626,12.81613259108626,12.81613259108626,1.6020165738857826,1.6020165738857826,19110.0
325,40.625,1,1,14.554416510339433,14.554416510339433,14.554416510339433,1.819302063792429,1.819302063792429,19451.0
326,40.75,1,1,4.015089134773925,4.015089134773925,4.015089134773925,0.5018861418467406,0.5018861418467406,19420.0
327,40.875,1,1,8.633723525473384,8.633723525473384,8.633723525473384,1.079215440684173,1.079215440684173,19717.0
328,41.0,1,1,10.064168904505898,10.064168904505898,10.064168904505898,1.2580211130632373,1.2580211130632373,19834.0
329,41.125,3,1,269.22083515935435,269.22083515935435,269.22083515935435,11.217534798306431,33.652604394919294,6731.333333333333
330,41.25,2,2,219.34747841392004,219.34747841392004,262.3894768261533,27.418434801740005,54.83686960348001,10142.0
331,41.375,1,1,47.68910894024604,47.68910894024604,47.68910894024604,5.961138617530755,5.961138617530755,20187.0
332,41.5,1,1,19.11208954648264,19.11208954648264,19.11208954648264,2.38901119331033,2.38901119331033,20797.0
333,41.625,2,2,97.86504636183949,97.86504636183949,133.53997480954817,12.233130795229936,24.466261590459872,10551.5
334,41.75,1,1,64.66495344628964,64.66495344628964,64.66495344628964,8.083119180786206,8.083119180786206,21150.0
335,41.875,2,2,34.72853130474032,34.72853130474032,65.97836965581357,4.34106641309254,8.68213282618508,10641.0
336,42.0,2,2,9.466327128252324,9.466327128252324,14.618387063404013,1.1832908910315405,2.366581782063081,10639.5
337,42.125,1,1,74.92205456839606,74.92205456839606,74.92205456839606,9.365256821049508,9.365256821049508,21631.0
338,42.25,2,2,39.05111852491214,39.05111852491214,66.67817597764883,4.881389815614018,9.762779631228035,10952.0
339,42.375,1,1,68.85963254688352,68.85963254688352,68.85963254688352,8.60745406836044,8.60745406836044,22152.0
340,42.5,2,2,52.40289653410498,52.40289653410498,88.43667386884285,6.550362066763123,13.100724133526246,11050.0
341,42.625,2,2,17.261267438025733,17.261267438025733,17.61475923835455,2.1576584297532166,4.315316859506433,11060.0
342,42.75,1,1,56.774865343572664,56.774865343572664,56.774865343572664,7.096858167946583,7.096858167946583,22551.0
343,42.875,2,2,40.556684196798614,40.556684196798614,73.51144151370946,5.069585524599827,10.139171049199653,11332.0
344,43.0,2,1,2.060358402098333,2.060358402098333,2.8958400995715423,0.25754480026229165,0.5150896005245833,11395.0
345,43.125,3,2,83.74410602585336,83.74410602585336,113.51125164497758,6.978675502154446,20.93602650646334,7680.0
346,43.25,2,2,88.08026930459224,88.08026930459224,113.37357812783274,11.01003366307403,22.02006732614806,11794.0
347,43.375,2,2,20.298674719800857,20.298674719800857,23.841221184340345,2.537334339975107,5.074668679950214,11845.0
348,43.5,2,2,15.32743986662884,15.32743986662884,20.830870997530546,1.915929983328605,3.83185996665721,11917.5
349,43.625,3,2,167.3797441773606,167.3797441773606,235.75096918059214,13.94831201478005,41.84493604434015,8113.0
350,43.75,4,4,87.46221615827318,91.15040448611728,139.07608410060035,10.932777019784147,43.73110807913659,6140.25
351,43.875,3,3,202.6263766675629,203.4776110810801,262.5896143094558,25.328297083445364,75.98489125033609,8174.666666666667
352,44.0,3,3,75.00508068152742,96.85668468114854,116.45895029397217,9.375635085190927,28.12690525557278,8392.0
353,44.125,3,3,208.93960904626934,245.45577818666786,265.23899818094765,26.117451130783667,78.352353392351,8374.0
354,44.25,3,3,15.223138555687308,13.042749661841565,20.41835477349992,1.9028923194609135,5.708676958382741,8509.666666666666
355,44.375,3,3,78.16373145617035,67.36588109299417,138.93911460589254,9.770466432021294,29.311399296063883,8637.666666666666
356,44.5,1,1,291.5795308822024,291.5795308822024,291.5795308822024,36.4474413602753,36.4474413602753,26070.0
357,44.625,3,3,184.3678920147855,122.86236216712872,355.78212762689486,23.045986501848187,69.13795950554456,8731.666666666666
358,44.75,1,1,117.61412902654949,117.61412902654949,117.61412902654949,14.701766128318686,14.701766128318686,26317.0
359,44.875,3,2,103.99906363248405,103.99906363248405,119.51179426576499,8.666588636040338,25.999765908121013,8678.0
360,45.0,2,2,201.58189382207547,201.58189382207547,308.68497295069346,25.197736727759434,50.39547345551887,13181.5
361,45.125,2,2,187.1523554529345,187.1523554529345,337.5431784181079,23.394044431616813,46.788088863233625,13444.0
362,45.25,3,2,8.794070187589352,8.794070187589352,11.592652071837092,0.7328391822991126,2.198517546897338,9204.0
363,45.375,3,3,13.441920244958725,14.593825776852807,23.300867920097065,1.6802400306198406,5.040720091859522,9187.0
364,45.5,3,3,15.898003778367288,9.280419291232057,29.6469269086232,1.987250472295911,5.961751416887733,9355.0
365,45.625,4,4,109.40146787538085,101.85709064140228,230.08480603904943,13.675183484422606,54.70073393769042,7021.0
366,45.75,4,3,80.85388065950319,26.040385806818893,207.29499592148287,7.5800513118284245,30.320205247313698,7130.75
367,45.875,3,3,29.980780347416232,29.638510543364696,37.804334767639894,3.747597543427029,11.242792630281087,9621.666666666666
368,46.0,3,3,18.324933988572717,18.671745319993285,24.319979976739035,2.2906167485715896,6.871850245714769,9475.333333333334
369,46.125,3,3,9.303127901508384,10.945005330696526,12.215783969910435,1.162890987688548,3.4886729630656443,9628.333333333334
370,46.25,4,3,15.671251784456144,15.955714299085258,17.736404718781184,1.4691798547927635,5.876719419171054,7259.0
371,46.375,2,2,29.288917908993437,29.288917908993437,43.086649247166704,3.6611147386241796,7.322229477248359,14937.5
372,46.5,2,2,11.12566472896655,11.12566472896655,20.3230199836632,1.3907080911208187,2.7814161822416374,14769.0
373,46.625,3,3,12.223421864767184,11.007636022616662,20.38261484008225,1.527927733095898,4.583783199287694,10111.0
374,46.75,4,2,180.0670985304918,180.0670985304918,337.20770958563577,11.254193658155737,45.01677463262295,7563.5
375,46.875,4,4,11.20093088489692,10.902660660907944,14.146634149021029,1.400116360612115,5.60046544244846,7617.0
376,47.0,5,3,113.64067793142492,64.63531483066853,212.3780439852023,8.523050844856868,42.61525422428434,6074.0
377,47.125,6,6,52.6747766075351,18.21629327589669,136.07465196042426,6.584347075941888,39.506082455651324,5073.833333333333
378,47.25,5,5,68.12273644572544,25.353243789384052,154.14842542663058,8.51534205571568,42.576710278578396,6161.6
379,47.375,4,4,73.98431035020123,49.53847347855853,183.57319964329074,9.248038793775153,36.99215517510061,8006.75
380,47.5,6,6,103.13346294164951,119.57692203446678,203.2566030973163,12.891682867706189,77.35009720623714,5251.5
381,47.625,4,4,50.401590754883394,42.62728171222851,114.09127881502013,6.300198844360424,25.200795377441697,8146.75
382,47.75,4,4,80.27993680331087,66.8776573008868,181.3054272317004,10.03499210041386,40.13996840165544,7949.25
383,47.875,4,4,189.62154599489173,224.8671805435705,297.9610409770069,23.702693249361467,94.81077299744587,8203.25
384,48.0,1,1,243.61786005297643,243.61786005297643,243.61786005297643,30.452232506622053,30.452232506622053,34377.0
385,48.125,3,2,149.25285432531368,149.25285432531368,247.99969532781304,12.437737860442807,37.31321358132842,10940.666666666666
386,48.25,4,4,147.27436825926512,133.64955827529624,257.0524272883285,18.40929603240814,73.63718412963256,8268.0
387,48.375,3,3,34.83302675484691,17.825932126253104,73.5499277835712,4.354128344355864,13.062385033067592,11160.0
388,48.5,3,3,35.95153782366666,43.256263495671995,56.5032895323068,4.493942227958333,13.481826683875,11586.666666666666
389,48.625,2,2,110.44840358901556,110.44840358901556,206.20106620507923,13.806050448626944,27.61210089725389,17419.0
390,48.75,3,3,82.70647438298408,21.963090954784874,206.09827545724838,10.33830929787301,31.01492789361903,11456.333333333334
391,48.875,4,4,147.95313169559557,147.16360117541836,288.9674597988593,18.494141461949447,73.97656584779779,8919.75
392,49.0,3,3,108.43645031476821,32.92091248803238,279.47467213034776,13.554556289346026,40.66366886803808,11843.666666666666
393,49.125,4,4,83.62350308798922,23.61693636928119,280.9971303304869,10.452937885998653,41.81175154399461,9097.0
394,49.25,5,4,45.2340266936404,5.098591944686143,168.2733853068285,4.523402669364041,22.6170133468202,7308.8
395,49.375,4,4,47.20088126887991,8.847270486884813,167.37986889246832,5.900110158609989,23.600440634439956,9219.25
396,49.5,2,0,0.0,0.0,0.0,0.0,0.0,18828.5
397,49.625,1,1,59.51601934585137,59.51601934585137,59.51601934585137,7.439502418231421,7.439502418231421,38006.0
398,49.75,1,1,15.041200570462475,15.041200570462475,15.041200570462475,1.8801500713078094,1.8801500713078094,38460.0
399,49.875,5,5,39.000686720868316,22.56921621312715,74.42163572598929,4.8750858401085395,24.375429200542698,7618.0
400,50.0,1,1,13.3094768490028,13.3094768490028,13.3094768490028,1.66368460612535,1.66368460612535,39027.0
401,50.125,3,3,106.16484232657855,15.208251458140163,292.80837275226554,13.270605290822319,39.81181587246696,12945.0
402,50.25,1,1,290.3631458936676,290.3631458936676,290.3631458936676,36.29539323670845,36.29539323670845,39685.0
403,50.375,1,1,20.665676074547317,20.665676074547317,20.665676074547317,2.5832095093184146,2.5832095093184146,40378.0
404,50.5,1,1,10.39475227444327,10.39475227444327,10.39475227444327,1.2993440343054088,1.2993440343054088,40664.0
405,50.625,1,1,4.856216327914923,4.856216327914923,4.856216327914923,0.6070270409893653,0.6070270409893653,40895.0
406,50.75,2,1,61.93323446013338,61.93323446013338,61.93323446013338,3.870827153758336,7.741654307516672,20766.0
407,50.875,1,1,73.48641822119555,73.48641822119555,73.48641822119555,9.185802277649444,9.185802277649444,41838.0
408,51.0,1,1,15.895005823887601,15.895005823887601,15.895005823887601,1.9868757279859501,1.9868757279859501,42398.0
409,51.125,1,1,4.987636871653383,4.987636871653383,4.987636871653383,0.6234546089566729,0.6234546089566729,42742.0
410,51.25,2,1,58.660012647113746,58.660012647113746,58.660012647113746,3.666250790444609,7.332501580889218,21662.5
411,51.375,1,1,56.52574596870031,56.52574596870031,56.52574596870031,7.065718246087539,7.065718246087539,44120.0
412,51.5,1,1,13.666358819556034,13.666358819556034,13.666358819556034,1.7082948524445043,1.7082948524445043,44833.0
413,51.625,1,1,4.735566549056076,4.735566549056076,4.735566549056076,0.5919458186320095,0.5919458186320095,45138.0
414,51.75,1,1,1.5349968626598893,1.5349968626598893,1.5349968626598893,0.19187460783248617,0.19187460783248617,45596.0
415,51.875,1,1,19.475480613816156,19.475480613816156,19.475480613816156,2.4344350767270195,2.4344350767270195,45890.0
416,52.0,1,1,21.217461411080155,21.217461411080155,21.217461411080155,2.6521826763850194,2.6521826763850194,46254.0
417,52.125,1,1,19.034901059507146,19.034901059507146,19.034901059507146,2.379362632438393,2.379362632438393,46778.0
418,52.25,2,1,243.98308171355652,243.98308171355652,243.98308171355652,15.248942607097282,30.497885214194564,23549.5
419,52.375,1,1,248.9613805967386,248.9613805967386,248.9613805967386,31.120172574592324,31.120172574592324,47769.0
420,52.5,1,0,1.4262952263278161,1.4262952263278161,1.4262952263278161,0.17828690329097702,0.17828690329097702,48090.0
421,52.625,2,1,37.40281375645316,37.40281375645316,37.40281375645316,2.3376758597783227,4.675351719556645,24146.0
422,52.75,2,2,191.7220687200853,191.7220687200853,236.87135330140296,23.965258590010663,47.930517180021326,24265.5
423,52.875,3,3,39.91034247450554,25.05993358563996,78.63806066609845,4.988792809313193,14.966378427939578,16298.333333333334
424,53.0,2,2,110.69693382722001,110.69693382722001,200.12294551472323,13.837116728402501,27.674233456805002,24559.5
425,53.125,3,3,74.23142749524646,10.785534271045458,201.45519697484806,9.278928436905808,27.836785310717424,16487.666666666668
426,53.25,5,2,119.89323625498527,119.89323625498527,227.78700318347805,5.994661812749263,29.973309063746317,10048.0
427,53.375,2,2,99.91110085373765,99.91110085373765,192.177946873497,12.488887606717206,24.977775213434413,24921.5
428,53.5,2,2,20.538871620217257,20.538871620217257,26.39021807784264,2.567358952527157,5.134717905054314,25389.0
429,53.625,6,5,145.61703826795014,94.22235362663815,306.37379814587024,15.168441486244808,91.01064891746884,8469.833333333334
430,53.75,2,2,16.969359235874805,16.969359235874805,18.530283986361166,2.1211699044843506,4.242339808968701,25765.0
431,53.875,4,4,76.14749251321518,46.78148138561242,196.5053441295628,9.518436564151898,38.07374625660759,12997.75
432,54.0,2,2,9.719545878226498,9.719545878226498,13.382184782510066,1.2149432347783122,2.4298864695566245,26366.0
433,54.125,1,1,25.5019581573558,25.5019581573558,25.5019581573558,3.187744769669475,3.187744769669475,52611.0
434,54.25,2,2,32.608011279778594,32.608011279778594,39.292545597956966,4.076001409972324,8.152002819944649,26890.0
435,54.375,2,2,8.099241464708067,8.099241464708067,8.124381011860343,1.0124051830885084,2.0248103661770167,27168.5
436,54.5,1,1,2.6153707965723285,2.6153707965723285,2.6153707965723285,0.32692134957154106,0.32692134957154106,54161.0
437,54.625,1,1,12.37434371464661,12.37434371464661,12.37434371464661,1.5467929643308262,1.5467929643308262,54713.0
438,54.75,5,1,10.438042830047793,10.438042830047793,10.438042830047793,0.26095107075119484,1.3047553537559742,11116.0
439,54.875,6,3,78.13859745203025,40.697482283716404,177.72040056098234,4.883662340751891,29.301974044511347,9296.5
440,55.0,2,2,19.877575385889358,19.877575385889358,35.23176527642878,2.4846969232361698,4.9693938464723395,28309.5
441,55.125,5,5,29.16769761474518,14.004860144015044,87.87778350440087,3.6459622018431475,18.229811009215737,11265.6
442,55.25,3,3,139.84760011172753,75.60112552566592,330.8557750307729,17.48095001396594,52.44285004189782,19012.666666666668
443,55.375,3,3,93.40545424468564,26.032685314478343,240.36687677679032,11.675681780585705,35.027045341757116,19100.0
444,55.5,2,2,33.23679174996904,33.23679174996904,39.36146959491061,4.15459896874613,8.30919793749226,28963.0
445,55.625,2,2,5.355256160791757,5.355256160791757,6.598432535675331,0.6694070200989696,1.3388140401979391,29075.0
446,55.75,2,2,12.720597312396148,12.720597312396148,16.109109381603908,1.5900746640495185,3.180149328099037,29611.0
447,55.875,2,2,14.007123557602474,14.007123557602474,15.768267971991984,1.7508904447003093,3.5017808894006186,29714.5
448,56.0,3,2,15.953239844974636,15.953239844974636,20.12348823738576,1.3294366537478863,3.988309961243659,19980.666666666668
449,56.125,3,2,75.51649528523853,75.51649528523853,139.4762215909177,6.2930412737698775,18.879123821309634,20083.666666666668
450,56.25,2,1,175.51012688653276,175.51012688653276,175.51012688653276,10.969382930408297,21.938765860816595,30648.0
451,56.375,2,1,321.42121938196703,321.42121938196703,321.42121938196703,20.08882621137294,40.17765242274588,31310.0
452,56.5,2,2,6.071002360014503,6.071002360014503,7.294301009022914,0.7588752950018128,1.5177505900036257,31578.0
453,56.625,2,2,5.357614446378586,5.357614446378586,8.687692733858317,0.6697018057973233,1.3394036115946466,31611.0
454,56.75,3,2,45.38793526483887,45.38793526483887,58.24497626229921,3.782327938736573,11.346983816209718,21202.0
455,56.875,5,1,130.58527648243296,130.58527648243296,130.58527648243296,3.264631912060824,16.32315956030412,12800.0
456,57.0,2,1,4.398743400593537,4.398743400593537,4.398743400593537,0.27492146253709604,0.5498429250741921,32492.0
457,57.125,3,2,95.20445660338346,95.20445660338346,151.3044625310248,7.933704716948622,23.801114150845866,21626.0
458,57.25,3,3,60.26580162347559,28.488722066992267,146.18243628139058,7.533225202934449,22.599675608803345,21988.666666666668
459,57.375,3,3,80.04983292979149,31.665292093409345,188.9246168403183,10.006229116223937,30.01868734867181,22260.0
460,57.5,2,1,158.9197134233282,158.9197134233282,158.9197134233282,9.932482088958013,19.864964177916026,33948.5
461,57.625,4,3,206.22995476405924,239.54953002294602,354.8497903083119,19.334058259130554,77.33623303652222,16894.5
462,57.75,2,2,30.66622916929181,30.66622916929181,35.70118784496499,3.8332786461614763,7.666557292322953,34762.5
463,57.875,6,2,24.953014306523293,24.953014306523293,29.885275450101318,1.0397089294384705,6.238253576630823,11444.333333333334
464,58.0,3,3,48.754450532294605,13.91474061815356,118.9318184463606,6.094306316536826,18.282918949610476,23310.333333333332
465,58.125,1,1,209.9506385657579,209.9506385657579,209.9506385657579,26.24382982071974,26.24382982071974,70802.0
466,58.25,3,3,170.49378467511258,91.03535246357592,339.0327411442321,21.311723084389072,63.93516925316722,23684.0
467,58.375,3,3,216.76580546759558,182.93923292546364,333.2383908081354,27.095725683449448,81.28717705034835,23991.666666666668
468,58.5,4,4,136.85602365704875,111.2888351827508,281.6827113737017,17.107002957131094,68.42801182852438,18049.5
469,58.625,2,2,96.30494159128108,96.30494159128108,190.98467233062257,12.038117698910135,24.07623539782027,36684.5
470,58.75,1,1,8.071047831922378,8.071047831922378,8.071047831922378,1.0088809789902973,1.0088809789902973,75029.0
471,58.875,1,1,6.107564891859493,6.107564891859493,6.107564891859493,0.7634456114824366,0.7634456114824366,75996.0
472,59.0,3,3,123.75087309247697,69.19927797801559,253.76067166949554,15.46885913655962,46.40657740967886,25060.333333333332
473,59.125,2,2,92.54787403732598,92.54787403732598,146.0788143254241,11.568484254665748,23.136968509331496,38068.0
474,59.25,4,2,89.52364648457831,89.52364648457831,158.86226353168362,5.595227905286144,22.380911621144577,18874.5
475,59.375,3,1,231.94626114263772,231.94626114263772,231.94626114263772,9.664427547609906,28.993282642829715,26043.0
476,59.5,1,1,225.7260706995957,225.7260706995957,225.7260706995957,28.215758837449464,28.215758837449464,79480.0
477,59.625,1,1,16.867570790003462,16.867570790003462,16.867570790003462,2.108446348750433,2.108446348750433,80189.0
478,59.75,1,1,16.664948734031352,16.664948734031352,16.664948734031352,2.083118591753919,2.083118591753919,80796.0
479,59.875,1,1,8.776798087410812,8.776798087410812,8.776798087410812,1.0970997609263515,1.0970997609263515,81481.0
480,60.0,6,1,179.21234106364898,179.21234106364898,179.21234106364898,3.7335904388260204,22.401542632956122,13539.833333333334
481,60.125,2,2,220.72063586998274,220.72063586998274,240.78382146228645,27.590079483747843,55.180158967495686,41223.5
482,60.25,2,1,22.37696221073435,22.37696221073435,22.37696221073435,1.398560138170897,2.797120276341794,41484.0
483,60.375,4,3,249.8156911398465,269.45499467890266,277.487896429222,23.42022104436061,93.68088417744244,20788.5
484,60.5,4,4,143.0765530604182,136.33977712610627,234.56473014548786,17.884569132552276,71.5382765302091,21005.75
485,60.625,5,4,73.83296278355618,16.95172684132364,251.79922327365992,7.383296278355618,36.91648139177809,16959.6
486,60.75,2,1,62.93999698726589,62.93999698726589,62.93999698726589,3.9337498117041183,7.867499623408237,43022.5
487,60.875,5,5,113.96980745200293,84.58568198281321,268.43983420426304,14.246225931500366,71.23112965750182,17164.8
488,61.0,1,0,0.0,0.0,0.0,0.0,0.0,88155.0
489,61.125,1,1,8.675525954101085,8.675525954101085,8.675525954101085,1.0844407442626356,1.0844407442626356,88233.0
490,61.25,4,4,150.20291932658665,152.8675793084348,242.4874036110248,18.77536491582333,75.10145966329333,22329.0
491,61.375,5,4,289.3286877356974,329.95887592555664,345.0064575946484,28.932868773569737,144.6643438678487,17892.0
492,61.5,5,4,119.17602971568665,61.05457554577268,345.5854146642884,11.917602971568666,59.588014857843326,18073.0
493,61.625,4,4,108.19526577524707,93.96715911662997,227.0454374080848,13.524408221905883,54.09763288762353,22976.0
494,61.75,4,3,111.1011425580942,140.5209007553563,144.8724562671974,10.415732114821331,41.662928459285325,22869.25
495,61.875,5,4,194.41316572175543,186.83579977616614,352.91008086128437,19.441316572175545,97.20658286087772,18426.0
496,62.0,7,5,147.86771327532315,80.03707231374356,345.24366260233796,13.202474399582425,92.41732079707697,13232.857142857143
497,62.125,4,4,102.26928428417246,65.02042492973581,273.01408714687676,12.783660535521557,51.13464214208623,23506.25
498,62.25,3,2,280.87970521900263,280.87970521900263,355.6467775637526,23.406642101583554,70.21992630475066,31860.0
499,62.375,6,3,34.56284215799026,14.43031026022543,83.19654433921782,2.1601776348743913,12.961065809246348,15852.0
500,62.5,2,2,47.641057208655326,47.641057208655326,83.69109161936713,5.955132151081916,11.910264302163831,48502.5
501,62.625,5,4,213.1464212362215,234.10756195314605,357.4250624356492,21.31464212362215,106.57321061811075,19325.6
502,62.75,2,2,113.87382322009906,113.87382322009906,175.87342125525112,14.234227902512382,28.468455805024764,49301.0
503,62.875,1,0,0.0,0.0,0.0,0.0,0.0,100787.0
504,63.0,5,3,177.7167228222289,189.1868131346963,209.19190883135167,13.328754211667166,66.64377105833583,20183.0
505,63.125,2,1,146.50757847527856,146.50757847527856,146.50757847527856,9.15672365470491,18.31344730940982,51098.0
506,63.25,2,1,62.454108117809355,62.454108117809355,62.454108117809355,3.9033817573630847,7.806763514726169,51730.0
507,63.375,4,4,60.52734999955035,56.69255155616126,104.34143385816931,7.565918749943794,30.263674999775176,26233.75
508,63.5,5,3,70.49221718558766,23.382573217235194,166.50448922163417,5.286916288919075,26.434581444595374,21224.8
509,63.625,5,3,181.52667590182895,152.31426130012278,333.5972410030042,13.61450069263717,68.07250346318585,21300.2
510,63.75,1,1,137.4094065386462,137.4094065386462,137.4094065386462,17.176175817330776,17.176175817330776,109090.0
511,63.875,2,2,122.2612830779399,122.2612830779399,239.41349059418818,15.282660384742487,30.565320769484973,54650.5
512,64.0,3,2,231.18356370547258,231.18356370547258,258.46504320278876,19.26529697545605,57.795890926368145,36473.666666666664
513,64.125,4,3,154.84742279247772,151.60284767265358,177.79617701654504,14.516945886794787,58.06778354717915,27692.0
514,64.25,2,2,33.45701766869186,33.45701766869186,55.559100706524184,4.182127208586483,8.364254417172965,56101.0
515,64.375,6,5,265.97182795064964,316.7262606364173,356.836362662161,27.705398744859338,166.23239246915603,18631.166666666668
516,64.5,8,3,130.12068130775378,142.52631354224303,208.41887761776533,6.099406936300959,48.79525549040767,14023.375
517,64.625,3,2,172.72485986383379,172.72485986383379,259.2897802057251,14.393738321986149,43.181214965958446,38001.666666666664
518,64.75,3,3,53.80548190478326,51.9840222444617,87.8478041843516,6.725685238097907,20.177055714293722,38824.0
519,64.875,4,3,142.66397860212228,133.3291778791569,265.07910890971783,13.374747993948965,53.49899197579586,29152.0
520,65.0,3,3,74.673136241584,43.81155957037078,162.845045726086,9.334142030198,28.002426090594003,39567.666666666664
521,65.125,2,2,138.293028910619,138.293028910619,230.44519395401167,17.286628613827375,34.57325722765475,60062.0
522,65.25,3,2,173.92095833051292,173.92095833051292,243.3154003865743,14.49341319420941,43.48023958262823,40162.666666666664
523,65.375,1,1,140.3622060566415,140.3622060566415,140.3622060566415,17.545275757080187,17.545275757080187,122000.0
524,65.5,1,1,8.675067716477622,8.675067716477622,8.675067716477622,1.0843834645597028,1.0843834645597028,123433.0
525,65.625,1,1,17.056727929450307,17.056727929450307,17.056727929450307,2.1320909911812884,2.1320909911812884,123382.0
526,65.75,4,1,67.62313263959548,67.62313263959548,67.62313263959548,2.113222894987359,8.452891579949435,30771.5
527,65.875,1,1,12.691109417518659,12.691109417518659,12.691109417518659,1.5863886771898323,1.5863886771898323,127148.0
528,66.0,1,1,3.749628691915931,3.749628691915931,3.749628691915931,0.4687035864894914,0.4687035864894914,128549.0
529,66.125,4,2,227.7436938739898,227.7436938739898,274.10149995356915,14.233980867124362,56.93592346849745,32100.75
530,66.25,7,1,334.1522032536703,334.1522032536703,334.1522032536703,5.9670036295298265,41.769025406708785,18505.14285714286
531,66.375,4,2,253.09986676812366,253.09986676812366,301.4696258979725,15.818741673007729,63.274966692030915,32932.5
532,66.5,7,5,158.4985488298279,109.03786546878067,295.81200180790495,14.151656145520349,99.06159301864244,18895.0
533,66.625,2,2,41.35107434800031,41.35107434800031,66.17203459326136,5.168884293500039,10.337768587000078,67069.0
534,66.75,6,4,164.51436754931905,171.32439299499265,305.17043014269666,13.70953062910992,82.25718377465952,22530.166666666668
535,66.875,5,3,221.5774290546237,267.6994352596839,320.79172952438086,16.618307179096778,83.09153589548389,27276.0
536,67.0,6,4,185.73270273149336,178.54390817255458,288.3348457550291,15.477725227624447,92.86635136574668,22838.166666666668
537,67.125,5,3,190.1238730107642,132.6810838395744,352.1732595118733,14.259290475807315,71.29645237903658,27756.8
538,67.25,10,9,177.88506088655478,200.83953599870077,349.088288889464,20.012069349737413,200.12069349737413,13914.9
539,67.375,11,9,94.1916008417129,42.43559969115055,327.3856140310006,9.633231904266092,105.96555094692701,12775.727272727272
540,67.5,6,5,174.9177577587479,134.83388179513972,359.57728650803244,18.220599766536242,109.32359859921745,23795.5
541,67.625,12,6,245.57622386166148,250.95779023443396,348.10290372197755,15.348513991353842,184.1821678962461,11836.083333333334
542,67.75,10,10,134.09103049911454,138.31412280670804,277.6178354427494,16.761378812389317,167.61378812389316,14380.6
543,67.875,9,8,179.1091547250868,201.2581104613592,317.6173752608432,19.90101719167631,179.1091547250868,16009.111111111111
544,68.0,7,7,129.22510573210477,86.74177483657193,276.879952780754,16.153138216513096,113.07196751559167,21216.285714285714
545,68.125,8,6,179.78291414129126,210.66262233031392,289.1811553486196,16.854648200746055,134.83718560596844,18768.75
546,68.25,8,5,90.53242866153064,37.87140668169714,351.59915335244557,7.072845989182082,56.58276791345666,18713.875
547,68.375,14,11,91.70508187004341,57.41677299472885,230.86741175686146,9.006749112236408,126.09448757130971,10877.285714285714
548,68.5,10,10,167.33851431810837,122.42230300808815,358.79896573484797,20.917314289763546,209.17314289763547,15307.0
549,68.625,9,5,47.18846012223793,23.549127233720895,95.54630530941269,3.276976397377634,29.492787576398705,17213.555555555555
550,68.75,13,12,135.39570514821128,121.81223769954818,311.1854282225861,15.622581363255147,203.09355772231692,12009.23076923077
551,68.875,11,11,130.9289565055334,148.057606816697,298.57737254442964,16.366119563191674,180.02731519510843,14275.545454545454
552,69.0,12,11,123.70636140692413,154.8634166594982,235.44290397943428,14.17468724454339,170.09624693452068,13194.0
553,69.125,14,9,205.22374997887331,214.5487507490496,320.6283259725863,16.49119419473089,230.87671872623247,11414.357142857143
554,69.25,12,11,127.59668995213222,78.78460013018194,282.0182964709973,14.62045405701515,175.4454486841818,13474.0
555,69.375,14,13,139.30312348788047,121.1234324854424,326.2770704395255,16.16911254770041,226.36757566780577,11644.714285714286
556,69.5,10,10,125.34138974123228,111.85657077035216,268.674691455621,15.667673717654035,156.67673717654034,16454.3
557,69.625,13,11,142.71291255581244,182.08257488642133,315.8896051930775,15.094634981864774,196.23025476424206,12785.846153846154
558,69.75,12,12,122.36034147571742,129.14485723106915,219.26227115439448,15.295042684464677,183.54051221357614,14005.75
559,69.875,10,7,117.49562799550442,130.59770671987795,250.41432650568183,10.280867449606639,102.80867449606639,16905.2
560,70.0,12,11,113.03694996770173,111.45816606230392,249.995549029556,12.95215051713249,155.42580620558988,14289.5
561,70.125,6,5,205.43992225832147,262.10371287435936,345.4182066135147,21.39999190190849,128.39995141145093,28801.333333333332
562,70.25,8,7,65.25959787043863,38.765970723924895,124.26514775384358,7.137768517079223,57.10214813663379,21725.25
563,70.375,16,13,108.73615935983663,77.2232060857553,320.66448012667576,11.043516184983407,176.6962589597345,10892.0
564,70.5,8,7,113.35085732157378,111.89137532104232,244.8779966196888,12.397750019547132,99.18200015637706,22364.75
565,70.625,6,5,174.41750601838993,138.11480814477554,247.43370486268066,18.16849021024895,109.01094126149371,29871.166666666668
566,70.75,10,10,88.20191332570687,47.759145686653916,261.4549870783111,11.025239165713359,110.25239165713359,18192.4
567,70.875,11,9,110.86698792430917,75.81986020557557,359.5624224886997,11.338669219531619,124.72536141484781,16792.18181818182
568,71.0,10,8,59.87768566604732,45.59688132885655,163.85713745538774,5.987768566604732,59.87768566604732,18546.2
569,71.125,8,8,96.63537737281553,51.69139553117557,273.0498582544943,12.07942217160194,96.63537737281553,23408.5
570,71.25,11,6,94.7918042026863,60.91156379493405,217.06824272488979,6.4630775592740655,71.09385315201472,17290.090909090908
571,71.375,14,9,126.3791373553504,46.89274542469722,358.1744505218843,10.15546639462637,142.17652952476917,13522.07142857143
572,71.5,14,12,124.37839489884375,93.84349262917627,308.2440928811233,13.326256596304686,186.5675923482656,13675.42857142857
573,71.625,12,11,99.78908696929207,43.00525781896485,342.3780127101965,11.434166215231384,137.2099945827766,16115.0
574,71.75,11,10,165.79356966406823,123.63460977427965,351.66114105536377,18.840178370916842,207.24196208008527,17827.727272727272
575,71.875,8,7,153.5206200765103,163.93225719406234,300.2476710836351,16.791317820868315,134.33054256694652,24816.625
576,72.0,15,10,163.31979681578136,182.37178282298112,343.7809860358782,13.60998306798178,204.1497460197267,13397.466666666667
577,72.125,14,13,125.84228217133506,105.1396013309586,278.6369203799676,14.606693466315676,204.49370852841946,14553.714285714286
578,72.25,11,9,200.07515533595176,199.70757443812624,295.23172007450904,20.462231795722342,225.08454975294575,18545.727272727272
579,72.375,11,10,163.6260753912521,162.30175120166126,334.52203718935954,18.593872203551374,204.53259423906513,18666.545454545456
580,72.5,11,8,146.41579877153578,114.061384156167,334.93140146176944,13.310527161048704,146.41579877153575,18879.727272727272
581,72.625,13,12,192.67699918971655,171.1967692946463,327.7416512205029,22.231961444967297,289.01549878457485,16138.923076923076
582,72.75,14,14,84.12427985424037,74.58523645207232,183.06582798882977,10.515534981780046,147.21748974492064,15141.785714285714
583,72.875,11,11,143.48822286794783,132.9745490979067,335.91247391085835,17.93602785849348,197.29630644342825,19464.636363636364
584,73.0,10,9,105.43034525623733,73.83146921553247,279.04515877440963,11.8609138413267,118.609138413267,21661.0
585,73.125,13,11,138.8635232355267,155.9228408606012,286.8079706374058,14.687488034526861,190.9373444488492,16938.846153846152
586,73.25,11,11,88.50986945868779,79.4157195100531,212.43992871429208,11.063733682335974,121.70107050569571,20139.81818181818
587,73.375,8,8,114.86030260383228,82.70761772254599,287.3626747763475,14.357537825479035,114.86030260383228,28105.375
588,73.5,9,7,170.84717080238005,186.22758975894646,301.44817503974525,16.61014160578695,149.49127445208254,25253.88888888889
589,73.625,10,9,104.4437011971489,56.00765149046369,223.89989570601915,11.749916384679253,117.49916384679253,22947.2
590,73.75,14,11,174.94373331498662,206.2335141460133,296.22027434397216,17.1819738077219,240.54763330810658,16537.85714285714
591,73.875,11,10,176.86798807995586,172.29536554721287,356.347281062543,20.098635009085896,221.08498509994484,21165.363636363636
592,74.0,11,9,204.81389565504935,198.8198433931786,335.2772772396388,20.946875691993682,230.4156326119305,21531.909090909092
593,74.125,8,7,204.11399989619272,212.56536879163963,355.72411892688893,22.32496873864608,178.59974990916865,29770.0
594,74.25,10,7,178.70910638678774,214.52953480938677,329.5311229130915,15.637046808843929,156.37046808843928,24054.7
595,74.375,7,7,161.63078187240623,200.30910894166436,342.1455877259132,20.20384773405078,141.42693413835545,34769.57142857143
596,74.5,6,4,111.42776001198932,83.36130158650047,262.4739278484986,9.285646667665777,55.71388000599466,4841.666666666667
597,74.625,8,6,184.13884737660865,188.54375456357963,269.45035921889075,17.263016941557062,138.1041355324565,30878.375
598,74.75,8,6,132.75067967407026,138.35883663885096,246.19595954119117,12.44537621944409,99.56300975555271,31016.375
599,74.875,8,6,114.64947005788353,80.14164673347676,350.42934659521035,10.748387817926583,85.98710254341266,31474.25
600,75.0,13,4,226.44471662460393,231.50812188210898,321.55306173608125,8.709412177869382,113.22235831230196,19582.923076923078
601,75.125,14,11,200.45257925863464,205.81611300703767,338.7045372270852,19.687306891473046,275.62229648062265,18292.85714285714
602,75.25,13,13,116.57511396538494,103.95656865201389,316.61076618876046,14.571889245673118,189.43456019375054,19993.615384615383
603,75.375,12,10,213.45116108128454,268.3086851529264,358.172144263031,22.23449594596714,266.8139513516057,21724.5
604,75.5,12,10,170.78455527570995,152.95491494267517,339.1025560779716,17.790057841219788,213.48069409463744,21967.916666666668
605,75.625,17,11,164.38906142017933,130.64605734717804,346.0844506207119,13.296174085455682,226.0349594527466,15660.0
606,75.75,6,5,175.50666419336932,184.77036304938946,311.91178513187685,18.2819441868093,109.69166512085582,44960.666666666664
607,75.875,11,10,175.8090786806354,156.43088763066157,323.1328168533873,19.97830439552675,219.76134835079424,24607.0
608,76.0,13,12,195.6992635366204,191.45634289321256,352.01066300345644,22.58068425422543,293.5488953049306,21104.923076923078
609,76.125,11,9,105.11607656979783,59.615586684667775,228.3801440571496,10.750507831002052,118.25558614102256,25187.545454545456
610,76.25,9,7,182.31708910847738,130.81652096935622,346.03025875152224,17.725272552213077,159.5274529699177,31138.333333333332
611,76.375,18,14,157.1629532195055,145.847860912653,343.64580380394364,15.27973156300748,275.03516813413466,15650.222222222223
612,76.5,15,12,217.10034339979424,213.29581367029692,354.380192994459,21.710034339979423,325.65051509969135,18979.0
613,76.625,16,11,111.9730736902982,131.08998205159054,284.8630359924346,9.622686020260002,153.96297632416002,18013.625
614,76.75,18,11,149.88103348726733,154.61142719892186,262.83299552244137,11.449245613610698,206.08642104499256,16142.055555555555
615,76.875,11,9,105.67102024933251,44.88539966917427,320.5278727815206,10.807263434590825,118.87989778049908,26846.81818181818
616,77.0,18,16,138.51861055834473,136.7480000651301,264.64135640886036,15.390956728704971,277.03722111668947,16466.055555555555
617,77.125,12,11,153.50180712991047,157.53819585223928,339.56582126914515,17.588748733635576,211.0649848036269,25037.5
618,77.25,17,8,131.89553030005754,105.9561408023579,271.10168774457895,7.758560605885738,131.89553030005754,17798.235294117647
619,77.375,13,12,166.9321397106738,145.9303479108712,354.38405619907684,19.261400735846976,250.3982095660107,23615.384615384617
620,77.5,20,14,145.07702612724984,117.66801392076223,297.9816185848692,12.694239786134359,253.8847957226872,15460.95
621,77.625,11,9,172.90197957542932,156.00095870563422,340.0924396965198,17.683157002032544,194.514727022358,28536.454545454544
622,77.75,18,16,153.04275203820694,119.61634138260945,345.87137916622805,17.004750226467436,306.0855040764139,17526.0
623,77.875,19,13,196.946353870618,198.25668581498923,335.5353783785161,16.844096054723906,320.03782503975424,16712.0
624,78.0,12,11,136.46797619684946,105.08624703356512,295.594919629783,15.636955605889,187.643467270668,26759.916666666668
625,78.125,18,15,181.17047802181384,208.65932149970413,349.4733235329683,18.87192479393894,339.69464629090095,18105.777777777777
626,78.25,19,16,151.41022138541945,151.58271961729147,295.6397574669004,15.937918040570468,302.8204427708389,17187.0
627,78.375,15,14,144.69862236715124,130.36678503214966,329.3346710895787,16.881505942834313,253.2225891425147,22047.2
628,78.5,23,16,119.00899389290714,125.51435681430152,247.2442139792613,10.348608164600622,238.01798778581428,14483.347826086956
629,78.625,19,17,160.53569226967417,176.13017141479048,341.9955016966385,17.954649793318822,341.1383460730576,17746.736842105263
630,78.75,16,11,131.43922726897182,61.62838633171321,330.27608348424366,11.295558593427264,180.72893749483623,21488.9375
631,78.875,15,12,194.42123451220004,191.05574967250726,340.73407933820533,19.44212345122001,291.6318517683001,23150.266666666666
632,79.0,14,13,177.49056751969331,217.53713567351042,318.9957454846298,20.601583729964403,288.42217221950165,24891.0
633,79.125,21,17,155.0374878526309,147.61892386366085,351.41847423311475,15.688317223182887,329.4546616868406,16641.47619047619
634,79.25,15,12,150.5894533808489,131.258737932286,289.59477638948727,15.058945338084891,225.88418007127336,23775.266666666666
635,79.375,11,10,181.6895433402151,217.3416705957024,298.44599330551716,20.64653901593353,227.11192917526884,32798.0
636,79.5,16,8,107.94644301232996,74.70788676730999,319.4487152573817,6.746652688270624,107.94644301232998,22707.8125
637,79.625,19,15,199.8754199375341,234.77873337059842,320.24540488455796,19.724548020151392,374.76641238287647,19215.0
638,79.75,13,12,169.42047199562248,156.56051829083617,352.8455815186537,19.5485159994949,254.1307079934337,28588.23076923077
639,79.875,14,11,185.20192875409646,200.48215843646952,312.42055599639014,18.189475145491617,254.6526520368826,26712.35714285714
640,80.0,14,12,126.64589119672887,90.42106987869909,331.50887255607586,13.56920262822095,189.9688367950933,27007.85714285714
641,80.125,17,10,192.53042062561286,180.1245546440278,352.58057766200835,14.156648575412714,240.66302578201612,22450.117647058825
642,80.25,17,13,182.08065028691382,150.0434706978571,310.14183394952937,17.40476804213147,295.881056716235,22666.647058823528
643,80.375,14,7,184.39186550728044,262.7241729731241,349.4905520865633,11.524491594205028,161.34288231887038,27859.14285714286
644,80.5,15,12,95.65906391832523,75.52049552371278,259.1116786697563,9.565906391832524,143.48859587748785,26262.4
645,80.625,17,9,194.90677670563306,192.97719064008663,358.94022728770017,12.89824257610807,219.27012379383717,23274.764705882353
646,80.75,20,15,154.22971666915706,147.65808156235758,334.6849320896853,14.459035937733475,289.1807187546695,20204.4
647,80.875,23,16,213.8907902792249,192.71980969211813,358.863059198705,18.599199154715205,427.7815805584497,17759.130434782608
648,81.0,22,21,150.2973609616253,120.86590527840792,313.10237847413646,17.933207842012113,394.5305725242665,18651.045454545456
649,81.125,17,14,161.88816626783597,170.25602859498343,358.0170717692488,16.664958292277234,283.30429096871296,24395.352941176472
650,81.25,25,23,150.92692128869018,131.5472678916495,344.7454728179332,17.35659594819937,433.9148987049843,16763.68
651,81.375,21,17,147.51825864310067,140.22001368870121,338.7090480008745,14.927442838885181,313.4762996165888,20148.904761904763
652,81.5,15,10,184.3603708315628,169.089731218111,281.6160324068112,15.363364235963564,230.45046353945347,28509.466666666667
653,81.625,14,11,186.50150148052145,157.24464350415874,331.8816984873925,18.317111752551217,256.439564535717,30963.64285714286
654,81.75,13,8,169.59005590567577,155.50488840861328,328.2354933558869,13.045388915821214,169.59005590567577,33913.307692307695
655,81.875,21,15,185.3432260826922,204.35244979313774,354.8593813773836,16.548502328811804,347.5185489050479,21099.0
656,82.0,17,15,141.75748567695163,155.67387158076417,268.16802779704136,15.63501680260496,265.7952856442843,26359.117647058825
657,82.125,18,13,213.17663053275788,202.02086816654233,325.7123055862216,19.245112478651755,346.4120246157316,25198.38888888889
658,82.25,13,10,209.279460492623,224.34759771308367,355.53684354112494,20.123025047367598,261.59932561577875,35090.92307692308
659,82.375,15,10,156.80436521290386,145.19019626501415,279.4145374472196,13.067030434408654,196.0054565161298,30830.666666666668
660,82.5,20,14,195.1100302356486,187.4753981349482,305.82301780344255,17.072127645619254,341.4425529123851,23301.2
661,82.625,19,13,171.21333537868446,166.43881696687032,284.2700381413631,14.643245788966436,278.2216699903623,24900.57894736842
662,82.75,16,15,138.57497896802985,120.44646454338826,323.0818601513915,16.239255347815998,259.82808556505597,29893.75
663,82.875,14,10,143.15166062252828,138.98881951261797,277.6276066991794,12.781398269868598,178.93957577816036,34389.5
664,83.0,16,9,184.71115246934048,148.12144519853413,303.2975747480498,12.987502908000502,207.80004652800804,30258.25
665,83.125,22,19,193.8246468948877,201.81925617671348,334.7397172556385,20.92425165342538,460.33353637535834,22246.909090909092
666,83.25,31,19,158.8925673079224,143.10097228661468,359.6242830632487,12.173220882461798,377.36984735631574,15985.741935483871
667,83.375,23,18,158.46917373589338,163.38758606011007,335.54203692347716,15.502419169815653,356.55564090576,21845.130434782608
668,83.5,19,17,148.3709944635259,166.37033837270099,300.10222972436395,16.594124380789086,315.28836323499263,26561.0
669,83.625,21,18,174.95397308091356,172.09806246727362,313.52999815497253,18.7450685443836,393.64643943205556,24318.809523809523
670,83.75,22,13,175.03001496926888,214.7356970063688,282.3772587767604,12.928353378411908,284.42377432506197,23399.68181818182
671,83.875,26,19,147.2320181020582,159.8096771034747,264.95109493056384,13.449078576630317,349.67604299238826,19955.884615384617
672,84.0,28,22,139.8574988410989,110.08814623747247,313.88820715667424,13.73600435046507,384.60812181302197,18750.785714285714
673,84.125,23,16,131.48594276012687,109.84884172046077,319.2660627179744,11.433560240011033,262.97188552025375,23089.08695652174
674,84.25,20,13,176.9090931210761,159.43140747293944,350.03169609311675,14.373863816087432,287.47727632174866,26920.3
675,84.375,22,15,165.1069619134011,173.19774521640417,346.77105715765117,14.07161607216487,309.57555358762716,24687.636363636364
676,84.5,17,13,163.22131945850236,172.57325004122455,303.85127903502047,15.602037889415666,265.2346441200663,32321.29411764706
677,84.625,24,15,152.35869070913404,171.23311163170717,254.48553036174147,11.903022711651097,285.67254507962633,22947.125
678,84.75,17,12,137.4040285932604,154.32127378254197,319.91233599658244,12.123884875875916,206.10604288989057,20581.058823529413
679,84.875,34,20,229.8870616244861,254.2484289856108,353.5312375213339,16.903460413565153,574.7176540612152,16417.382352941175
680,85.0,27,15,176.64982688733787,175.22626409558637,313.4637498254467,12.267349089398463,331.2184254137585,20965.666666666668
681,85.125,28,23,189.199570910438,200.77688329083958,349.96435249343386,19.426741655982475,543.9487663675093,20462.60714285714
682,85.25,32,26,190.5995771751853,187.3103457445959,352.53113982214325,19.357769556854755,619.4486258193522,18110.625
683,85.375,25,21,167.58070260555473,173.81327223124487,356.2519261452494,17.59597377358325,439.8993443395812,23354.76
684,85.5,28,21,171.14279311488048,138.24805709087383,345.97839830901466,16.044636854520043,449.24983192656117,20995.39285714286
685,85.625,22,17,189.29626407500507,168.78319328875102,355.18210677787005,18.28429823451754,402.25456115938584,26845.590909090908
686,85.75,29,24,170.336257524027,157.9645585986545,358.7947321443168,17.620992157657966,511.008772572081,20501.48275862069
687,85.875,30,26,206.6776576194725,237.09636671960925,352.5823752237113,22.390079575442858,671.7023872632857,20037.033333333333
688,86.0,20,17,201.20350880394494,203.01627398955281,333.4966832267312,21.377872810419145,427.5574562083829,30370.15
689,86.125,29,20,203.3900766349213,242.30548320628844,305.8733055531743,17.533627296113906,508.47519158730324,21001.758620689656
690,86.25,30,24,150.5038045475616,133.44714225011376,333.7459149095236,15.050380454756159,451.5114136426848,20526.533333333333
691,86.375,21,20,157.96697991494065,159.63698297298163,312.722518715025,18.80559284701675,394.91744978735176,29508.52380952381
692,86.5,29,23,173.69181198206365,167.4420535083061,355.77558150415865,17.21944687753217,499.363959448433,21535.896551724138
693,86.625,28,19,198.57806019610868,245.41430618040982,353.9794728350728,16.843674748777072,471.62289296575807,22461.571428571428
694,86.75,32,20,192.6925471770376,192.5057624964999,349.5806018915767,15.05410524820606,481.7313679425939,19807.59375
695,86.875,28,24,193.88717608686034,183.0179266882232,357.06325276195946,20.773626009306465,581.661528260581,22768.60714285714
696,87.0,39,25,186.81177052129505,215.11309197705174,330.47069723039846,14.968891868693513,583.786782879047,16519.82051282051
697,87.125,33,23,161.30327751786186,177.20625672355007,311.9730390490891,14.05293705648039,463.7469228638529,19622.121212121212
698,87.25,34,25,183.81766431909477,194.9718821613009,309.63006505893765,16.895005911681505,574.4302009971711,19135.117647058825
699,87.375,37,31,210.80808369592307,218.23139462463055,335.6635908380652,22.077873630316265,816.8813243217019,17664.162162162163
700,87.5,25,18,173.07532491865052,159.41494389988696,359.69735507013775,15.576779242678544,389.4194810669636,26445.8
701,87.625,33,28,219.3607014901395,220.77637419098545,350.56639350067724,23.265528945923894,767.7624552154884,20106.424242424244
702,87.75,35,29,194.8717245477406,211.827072522995,350.03587874540017,20.18314289958742,706.4100014855596,19122.428571428572
703,87.875,36,27,177.7863874746426,176.40111808546422,349.7721557272007,16.66747382574774,600.0290577269187,18686.555555555555
704,88.0,29,25,177.35332304534325,176.4585277831716,349.26208986008874,19.111349466093017,554.2291345166975,23357.310344827587
705,88.125,33,25,168.48848136441669,171.57596653771316,336.1667164734361,15.95534861405461,526.5265042638022,20609.424242424244
706,88.25,28,20,109.41947165214044,86.3114519938139,291.4777312067336,9.769595683226825,273.5486791303511,24275.428571428572
707,88.375,38,27,168.4946582883307,169.66243797667624,332.0659454603509,14.96498609797674,568.6694717231161,18071.763157894737
708,88.5,23,16,131.74000204966688,122.04748064106425,263.9956913781849,11.455652352144948,263.4800040993338,21184.0
709,88.625,27,23,214.88625600880533,226.69696407587267,359.0082959092943,22.881406889826494,617.7979860253154,25723.14814814815
710,88.75,28,19,147.15495695892446,138.91593607592017,344.9114984648604,12.481893670623057,349.4930227774456,24999.75
711,88.875,35,27,200.8388788850481,203.21880081456553,347.71402969006795,19.366606178201067,677.8312162370373,19961.85714285714
712,89.0,22,19,140.0292099009123,124.16024109305394,325.68007436206193,15.116789705212124,332.5693735146667,31955.227272727272
713,89.125,35,23,146.34325657483328,160.78234036833825,358.0598949090021,12.021053218647014,420.73686265264547,20190.085714285713
714,89.25,30,21,189.02532552114843,194.68154104584718,348.39639803342834,16.53971598310049,496.19147949301464,23634.366666666665
715,89.375,27,23,167.7185997326568,141.798076918302,358.00456339058746,17.8589249715329,482.19097423138834,16876.777777777777
716,89.5,30,26,189.17143066243955,209.42148017044428,323.5116830080733,20.493571655097618,614.8071496529285,23995.466666666667
717,89.625,30,21,211.02047459461969,222.2430932102977,324.9570735229573,18.46429152702922,553.9287458108766,24071.133333333335
718,89.75,22,17,150.8586097168388,132.0082210741913,295.23361682288464,14.571570256740108,320.57454564828237,21358.363636363636
719,89.875,39,27,164.57700675779273,135.59909491998692,340.3313878281511,14.24224096942437,555.4473978075505,18719.46153846154
720,90.0,23,20,173.87571444957553,188.50269471767257,352.99490086329286,18.899534179301686,434.68928612393876,31937.391304347828
721,90.125,27,20,176.5787891836029,174.0962169886445,317.36352050990814,16.349887887370638,441.4469729590072,27169.074074074073
722,90.25,36,23,178.0974085280666,156.7402532761711,347.8596274478441,14.223056931060874,512.0300495181915,20493.722222222223
723,90.375,39,26,160.93306902334254,166.92047946745276,341.454590660696,13.411089085278546,523.0324743258633,19027.53846153846
724,90.5,29,26,160.78543263317377,162.88764167012735,344.9158309440828,18.01905710544188,522.5526560578146,25733.103448275862
725,90.625,27,22,235.30491666240397,265.5236156554339,354.02327065847066,23.966241511911512,647.0885208216108,27712.666666666668
726,90.75,24,18,196.1315949518481,161.36136006431764,351.6099819108468,18.38733702673576,441.29608864165823,22022.125
727,90.875,24,13,170.94924844621886,203.19335472151172,314.2333461323716,11.5746886968794,277.7925287251056,31493.708333333332
728,91.0,24,19,168.53535019562418,163.63455886314497,336.0684330739775,16.677977363108642,400.27145671460744,31558.375
729,91.125,25,16,201.11281714028644,242.6761116568789,352.9450153140577,16.089025371222917,402.22563428057293,30379.36
730,91.25,36,27,188.6426818403701,198.47398409279603,355.68613121066335,17.685251422534698,636.6690512112491,21111.416666666668
731,91.375,33,24,180.97962299205997,194.43932544185049,306.7664755950697,16.45269299927818,542.93886897618,23125.090909090908
732,91.5,41,25,171.86742566347093,176.18616584678625,354.7500523720263,13.099651346301139,537.0857051983467,18698.536585365855
733,91.625,43,32,160.11217565062591,160.16617091180353,348.1928696293456,14.89415587447683,640.4487026025037,17852.79069767442
734,91.75,39,27,207.23684697572577,210.2510587267607,359.51522112478625,17.93395791136089,699.4243585430746,19710.30769230769
735,91.875,38,32,154.34131059919602,153.66198409062812,303.10319520002764,16.246453747283788,617.365242396784,20335.657894736843
736,92.0,40,38,156.26506520487013,170.1196985845358,341.6473703014962,18.556476493078325,742.259059723133,19372.5
737,92.125,32,21,157.03571037972884,101.99281235253655,350.51466412029396,12.881835617087134,412.2187397467883,24319.5625
738,92.25,40,29,148.93251137223552,130.0854003499067,358.8974190514447,13.497008843108844,539.8803537243538,19421.575
739,92.375,35,24,188.60220565817508,182.06802231708673,357.4831414457677,16.165903342129294,565.8066169745252,22316.22857142857
740,92.5,41,34,205.28978002454735,222.71790175176312,358.680471577424,21.280038173276253,872.4815651043264,14009.975609756097
741,92.625,44,32,204.49086219929282,206.13886817056215,349.9052464981399,18.59007838175389,817.9634487971712,17934.56818181818
742,92.75,50,38,157.48387881675333,160.78739733114742,347.7790353512347,15.35467818463345,767.7339092316724,15742.42
743,92.875,38,28,162.92177466752625,138.10812927576922,358.3937283511426,15.005952929903733,570.2262113363419,20809.052631578947
744,93.0,39,33,163.7687689552457,166.51783073866892,332.42557582156275,17.321696716420217,675.5461719403885,20217.71794871795
745,93.125,51,37,171.33942936890338,162.83837072029468,343.2553265508859,15.538134526101528,792.444860831178,15507.0
746,93.25,47,39,166.83887640334348,148.52165428633688,352.4003495727508,17.305096222687222,813.3395224662994,16909.85106382979
747,93.375,36,25,179.19169809203228,168.7157369273019,329.51300787758976,15.554834903822247,559.9740565376009,22206.194444444445
748,93.5,37,30,176.77075234204372,180.21888533859192,343.6435473376594,17.91595462926119,662.890321282664,21590.027027027027
749,93.625,38,31,162.07908409820814,152.6571019461144,341.31991555261726,16.527801338962014,628.0564508805566,21125.657894736843
750,93.75,33,26,196.9555051754657,186.52711647302337,350.56444461483164,19.397133085462528,640.1053918202634,24373.272727272728
751,93.875,26,18,185.73403734470907,179.43556900329196,351.18930994970776,16.073137847138284,417.90158402559535,23147.53846153846
752,94.0,32,26,203.95051508198537,202.94472910542348,345.44974238799864,20.71372418801414,662.8391740164525,25219.65625
753,94.125,37,26,210.60842293896366,218.4637334462272,329.8882708229985,18.499388501395458,684.4773745516319,21869.675675675677
754,94.25,32,23,198.1079716159319,194.6606195175708,355.118976707033,17.79876307486888,569.5604183958042,25225.9375
755,94.375,40,28,194.54699427263907,226.56807414563565,346.2516454565118,17.022861998855923,680.9144799542369,20284.325
756,94.5,42,35,171.60534193349122,165.9255895614604,359.64194399723186,17.875556451405338,750.7733709590242,19437.214285714286
757,94.625,46,35,203.30815899064282,209.04495930489182,354.79744430013295,19.336373817044834,889.4731955840623,17667.478260869564
758,94.75,38,28,187.26130186773057,161.54585538546806,351.35120496430727,17.247751487817286,655.4145565370569,21548.947368421053
759,94.875,43,28,168.0613906903116,157.11659243710076,345.4436156023004,13.679415521304435,588.2148674160907,19017.279069767443
760,95.0,43,34,210.47529995022,238.30996484897486,352.43345049844413,20.80279127414965,894.5200247884351,19079.3488372093
761,95.125,41,33,178.52226557830363,207.5991486316647,340.95104623737456,17.961081597817135,736.4043455105025,20016.39024390244
762,95.25,52,41,210.88347288039856,226.67298821110282,341.0258035796217,20.784188432923898,1080.7777985120426,15834.98076923077
763,95.375,48,38,169.03709271425456,175.78332444378702,339.7881084675972,16.72762896651477,802.926190392709,17210.020833333332
764,95.5,38,33,148.036236319473,135.9898888365152,354.80295660310117,16.069723021521735,610.649474817826,21926.5
765,95.625,57,34,154.02078173741296,171.73848935582566,334.27093347567785,11.484005655859738,654.5883223840051,14569.578947368422
766,95.75,39,29,186.7804172287308,181.4703762201444,327.34981043808335,17.361000319337155,677.079012454149,21530.076923076922
767,95.875,41,31,192.2905706821497,213.08618645306848,357.46305516159094,18.173803936422683,745.12596139333,20446.414634146342
768,96.0,42,35,197.88823732891078,175.67058164435912,349.94960487628015,20.61335805509487,865.7610383139845,20095.238095238095
769,96.125,50,36,194.13863942569307,185.74847494287903,359.5228302004742,17.472477548312376,873.6238774156188,16832.44
770,96.25,35,31,199.80126014424812,201.89922759389893,353.26437385892774,22.120853801684614,774.2298830589615,24151.914285714287
771,96.375,44,31,164.75491187351892,150.0580184062313,356.26215183753203,14.50966553431559,638.425283509886,19176.545454545456
772,96.5,46,34,210.06007614136766,221.2568574758846,349.30637665113335,19.40772442610462,892.7553236008124,18429.32608695652
773,96.625,50,34,175.41559368809484,182.3848956442406,345.36579460260594,14.910325463488059,745.516273174403,17011.54
774,96.75,41,31,168.33732878336107,150.51775927837318,353.3934859077963,15.909930464281077,652.3071490355242,20931.073170731706
775,96.875,37,31,171.18063362833098,171.97227684636346,356.79579146443893,17.927701494858987,663.3249553097825,23142.513513513513
776,97.0,40,34,192.54216125064283,191.05840310043834,335.21906545628974,20.457604632880805,818.3041853152322,21428.025
777,97.125,39,30,158.68101463566072,144.04624694404376,355.95310820924516,15.257789868813528,595.0538048837276,15811.74358974359
778,97.25,31,25,192.8610029046882,209.8751517807949,335.8864686811274,19.441633357327444,602.6906340771508,27754.1935483871
779,97.375,47,32,173.29469968303135,175.53562232495653,337.61626007287117,14.748485079406924,693.1787987321254,18307.787234042553
780,97.5,49,40,204.28444581510985,183.98695269192774,353.7198566090796,20.845351613786715,1021.422229075549,17638.081632653062
781,97.625,36,28,161.4227249821606,130.66810590328464,357.5428809227445,15.693876039932276,564.9795374375619,24097.277777777777
782,97.75,40,34,144.9739864146586,146.0494233264753,335.2663410570635,15.403486056557478,616.1394422622991,21705.375
783,97.875,36,18,191.1839401381498,212.52920415561704,353.66662145011435,11.948996258634363,430.1638653108371,24144.666666666668
784,98.0,30,21,193.06293529388716,222.75626142445597,328.0258689489911,16.89300683821513,506.7902051464539,29110.433333333334
785,98.125,28,19,168.29784389374785,166.48702624237222,336.9953786471136,14.27526354455897,399.70737924765115,31245.35714285714
786,98.25,33,26,230.6404805174103,263.3285412496519,353.19160251555434,22.714592778229804,749.5815616815835,26456.81818181818
787,98.375,38,28,198.62384657556737,179.85140235259163,354.20459561148255,18.294301658275945,695.1834630144859,23005.473684210527
788,98.5,30,25,232.499433425586,262.8172249864519,358.9193202360792,24.218690981831873,726.5607294549562,29267.933333333334
789,98.625,45,30,208.25933837719225,205.51215601427035,353.48139367894964,17.354944864766022,780.9725189144709,19528.355555555554
790,98.75,38,28,164.54537638416667,161.7157465769323,345.22982812701764,15.155495193278508,575.9088173445833,23024.684210526317
791,98.875,36,31,197.65347290536286,201.81034465292305,348.2941783323692,21.275200208563366,765.9072075082812,24550.36111111111
792,99.0,41,27,175.63193298600197,174.01913348862666,327.2118261278621,14.457506678725771,592.7577738277566,21514.29268292683
793,99.125,41,34,204.24502461862153,201.17012252594827,341.5494862095987,21.171740356808332,868.0413546291416,21615.951219512193
794,99.25,41,29,191.3643989821766,206.30941423652715,354.52218623326576,16.91941332464366,693.6959463103901,21595.146341463416
795,99.375,38,27,212.25893254856885,256.7086414990289,352.8919015644837,18.85194466714263,716.3738973514198,23323.184210526317
796,99.5,38,32,181.59462982277404,178.31461560089627,350.49796857338674,19.115224191870954,726.3785192910963,23462.552631578947
797,99.625,46,32,196.80591929246546,206.07974174072166,354.95919138201265,17.11355819934482,787.2236771698617,19385.608695652172
798,99.75,45,38,213.23322015703292,248.73827683090605,359.63221642254354,22.5079510165757,1012.8577957459065,19750.977777777778
799,99.875,44,33,168.42091566278597,195.8754272021052,343.8473109236289,15.789460843386184,694.7362771089921,20289.863636363636
800,100.0,27,23,137.14864624782513,149.48189841055822,292.9417384504596,14.603791035648044,394.3023579624972,25193.0
