frame_from,frame_to,cell_id,tip_pair,previous_tip_x_px,previous_tip_y_px,current_tip_x_px,current_tip_y_px,displacement_px,displacement_um,radial_change_px,radial_change_um,state,speed_um_per_min
0,1,1,1,354.0,15.0,355.0,14.0,1.4142135623730951,0.45961940777125593,-0.1944788513964859,-0.06320562670385792,stable,
0,1,1,2,347.0,28.0,347.0,26.0,2.0,0.65,0.21293355222550403,0.06920340447328881,stable,
0,1,1,3,394.0,24.0,395.0,22.0,2.23606797749979,0.7267220926874317,1.6158003833667394,0.5251351245941903,extension,
0,1,1,4,397.0,37.0,399.0,34.0,3.605551275463989,1.1718041645257966,1.2442573599624858,0.4043836419878079,extension,
0,1,1,5,363.0,65.0,361.0,56.0,9.219544457292887,2.9963519486201884,-7.470353879533199,-2.42786501084829,retraction,
0,1,1,6,384.0,9.0,392.0,0.0,12.041594578792296,3.913518238107496,11.634559981541607,3.7812319940010224,extension,
0,1,1,7,404.0,49.0,391.0,53.0,13.601470508735444,4.42047791533902,-6.652020194475629,-2.1619065632045795,retraction,
0,1,1,8,376.0,0.0,386.0,23.0,25.079872407968907,8.150958532589895,-16.978257229201972,-5.517933599490641,retraction,
0,1,1,9,465.0,79.0,437.0,61.0,33.28663395418648,10.818156035110606,-33.156279741294185,-10.775790915920611,retraction,
0,1,2,1,165.0,49.0,166.0,47.0,2.23606797749979,0.7267220926874317,2.1366741449779596,0.6944190971178369,extension,
0,1,2,2,172.0,91.0,175.0,87.0,5.0,1.625,2.2715797727341993,0.7382634261386148,extension,
0,1,2,3,90.0,85.0,89.0,80.0,5.0990195135927845,1.657181341917655,0.9409069665858638,0.30579476414040574,extension,
0,1,2,4,109.0,93.0,114.0,90.0,5.830951894845301,1.8950593658247228,-5.785229436799867,-1.8801995669599567,retraction,
0,1,2,5,101.0,68.0,101.0,74.0,6.0,1.9500000000000002,-1.9436533882046731,-0.6316873511665188,retraction,
0,1,2,6,110.0,64.0,112.0,58.0,6.324555320336759,2.055480479109447,2.6842737051834824,0.8723889541846318,extension,
0,1,2,7,79.0,70.0,83.0,75.0,6.4031242374328485,2.081015377165676,-4.82964449829997,-1.5696344619474905,retraction,
0,1,2,8,113.0,102.0,120.0,106.0,8.06225774829855,2.6202337681970285,-0.9895831195495397,-0.3216145138536004,retraction,
0,1,2,9,132.0,125.0,129.0,116.0,9.486832980505138,3.08322071866417,-8.777140797965757,-2.852570759338871,retraction,
0,1,2,10,82.0,68.0,90.0,57.0,13.601470508735444,4.42047791533902,-3.1473508269258588,-1.022889018750904,retraction,
0,1,2,11,129.0,40.0,138.0,52.0,15.0,4.875,-11.776233567966877,-3.827275909589235,retraction,
0,1,2,12,131.0,37.0,121.0,55.0,20.591260281974,6.692159591641551,-15.497849112832519,-5.0368009616705685,retraction,
0,1,2,13,102.0,83.0,100.0,60.0,23.08679276123039,7.5032076473998774,8.644939191562234,2.809605237257726,extension,
0,1,2,14,177.0,59.0,190.0,39.0,23.853720883753127,7.752459287219766,21.751513762269724,7.06924197273766,extension,
0,1,2,15,181.0,68.0,176.0,96.0,28.442925306655784,9.24395072466313,-4.778323781619946,-1.5529552290264825,retraction,
0,1,2,16,71.0,72.0,104.0,52.0,38.58756276314948,12.540957898023581,-21.075981782380197,-6.849694079273564,retraction,
0,1,3,1,386.0,91.0,387.0,89.0,2.23606797749979,0.7267220926874317,-1.1417435084448542,-0.37106664024457764,retraction,
0,1,3,2,410.0,112.0,413.0,115.0,4.242640687119285,1.3788582233137676,2.6874620510197147,0.8734251665814073,extension,
0,1,3,3,410.0,66.0,405.0,66.0,5.0,1.625,1.4090488730115283,0.4579408837287467,extension,
0,1,3,4,395.0,122.0,392.0,117.0,5.830951894845301,1.8950593658247228,-2.548134741898302,-0.8281437911169481,retraction,
0,1,3,5,397.0,74.0,399.0,68.0,6.324555320336759,2.055480479109447,2.977284454454761,0.9676174476977973,extension,
0,1,3,6,435.0,90.0,440.0,94.0,6.4031242374328485,2.081015377165676,5.5883050185236804,1.8161991310201961,extension,
0,1,3,7,387.0,103.0,389.0,96.0,7.280109889280518,2.3660357140161685,-4.638080926147627,-1.5073763009979786,retraction,
0,1,3,8,447.0,123.0,442.0,114.0,10.295630140987,3.3460797958207755,-9.894107534137177,-3.2155849485945827,retraction,
0,1,3,9,379.0,123.0,387.0,111.0,14.422205101855956,4.687216658103186,-14.02917898112193,-4.559483168864627,retraction,
0,1,3,10,433.0,123.0,420.0,115.0,15.264337522473747,4.960909694803968,-12.165982131601094,-3.9539441927703556,retraction,
0,1,3,11,451.0,93.0,438.0,84.0,15.811388300841896,5.138701197773616,-13.005259283996065,-4.226709267298721,retraction,
0,1,3,12,394.0,90.0,379.0,100.0,18.027756377319946,5.859020822628983,16.90024875775822,5.492580846271422,extension,
0,1,4,1,260.0,147.0,259.0,148.0,1.4142135623730951,0.45961940777125593,1.3340227480932043,0.4335573931302914,extension,
0,1,4,2,207.0,103.0,209.0,101.0,2.8284271247461903,0.9192388155425119,-1.7242987054758174,-0.5603970792796407,retraction,
0,1,4,3,273.0,77.0,276.0,75.0,3.605551275463989,1.1718041645257966,1.7794006734908336,0.5783052188845209,extension,
0,1,4,4,219.0,129.0,217.0,123.0,6.324555320336759,2.055480479109447,0.45932836035751734,0.14928171711619315,stable,
0,1,4,5,260.0,77.0,267.0,79.0,7.280109889280518,2.3660357140161685,-4.487046389016001,-1.4582900764302005,retraction,
0,1,4,6,289.0,135.0,282.0,138.0,7.615773105863909,2.4751262594057706,0.6262447054944857,0.20352952928570786,extension,
0,1,4,7,303.0,104.0,307.0,97.0,8.06225774829855,2.6202337681970285,6.180066678821177,2.0085216706168825,extension,
0,1,4,8,233.0,95.0,238.0,102.0,8.602325267042627,2.795755711788854,-6.7938074504995,-2.2079874214123376,retraction,
0,1,4,9,253.0,146.0,257.0,154.0,8.94427190999916,2.906888370749727,4.985432457671614,1.6202655487432744,extension,
0,1,4,10,292.0,145.0,279.0,146.0,13.038404810405298,4.237481563381722,-2.104712066207881,-0.6840314215175614,retraction,
0,1,4,11,211.0,113.0,229.0,117.0,18.439088914585774,5.992703897240377,-17.656749587085415,-5.73844361580276,retraction,
0,1,4,12,247.0,148.0,254.0,130.0,19.313207915827967,6.276792572644089,-17.801153674905617,-5.785374944344325,retraction,
0,1,5,1,331.0,127.0,334.0,126.0,3.1622776601683795,1.0277402395547235,1.077216797222853,0.35009545909742723,extension,
0,1,5,2,326.0,132.0,324.0,135.0,3.605551275463989,1.1718041645257966,-1.5115725884106563,-0.49126109123346334,retraction,
0,1,5,3,303.0,191.0,306.0,195.0,5.0,1.625,1.9777067171313902,0.6427546830677019,extension,
0,1,5,4,362.0,144.0,359.0,139.0,5.830951894845301,1.8950593658247228,-2.3580286677286075,-0.7663593170117975,retraction,
0,1,5,5,305.0,180.0,306.0,174.0,6.082762530298219,1.9768978223469214,-5.25538802229979,-1.708001107247432,retraction,
0,1,5,6,322.0,149.0,320.0,155.0,6.324555320336759,2.055480479109447,4.8501697375443005,1.5763051647018977,extension,
0,1,5,7,364.0,125.0,363.0,118.0,7.0710678118654755,2.29809703885628,3.373685053962518,1.0964476425378185,extension,
0,1,5,8,309.0,166.0,304.0,160.0,7.810249675906654,2.538331144669663,0.6199373437423077,0.20147963671625,extension,
0,1,5,9,305.0,223.0,301.0,231.0,8.94427190999916,2.906888370749727,8.875729731096968,2.8846121626065147,extension,
0,1,5,10,355.0,111.0,365.0,115.0,10.770329614269007,3.5003571246374277,3.549454738407931,1.1535727899825776,extension,
0,1,5,11,318.0,209.0,324.0,200.0,10.816653826391969,3.51541249357739,-9.934584490275782,-3.228739959339629,retraction,
0,1,5,12,300.0,221.0,306.0,232.0,12.529964086141668,4.072238327996042,8.339869844861866,2.7104576995801066,extension,
0,1,5,13,353.0,109.0,360.0,97.0,13.892443989449804,4.515044296571187,13.892443989449802,4.515044296571186,extension,
0,1,5,14,367.0,132.0,349.0,140.0,19.697715603592208,6.401757571167468,-19.616264258519593,-6.375285884018868,retraction,
0,1,5,15,360.0,201.0,348.0,178.0,25.942243542145693,8.43122915119735,-25.935661728209617,-8.429090061668125,retraction,
0,1,5,16,338.0,202.0,349.0,170.0,33.83784863137726,10.99730080519761,-27.082486607966448,-8.801808147589096,retraction,
0,1,5,17,318.0,141.0,348.0,161.0,36.05551275463989,11.718041645257966,8.067197219408486,2.6218390963077582,extension,
0,1,5,18,312.0,159.0,349.0,165.0,37.48332962798263,12.182082129094354,1.8356982653459717,0.5966019362374408,extension,
0,1,6,1,180.0,139.0,181.0,141.0,2.23606797749979,0.7267220926874317,-1.31077707675297,-0.42600254994471526,retraction,
0,1,6,2,245.0,168.0,242.0,167.0,3.1622776601683795,1.0277402395547235,-2.9593321949006963,-0.9617829633427263,retraction,
0,1,6,3,194.0,190.0,195.0,187.0,3.1622776601683795,1.0277402395547235,-3.119205852698272,-1.0137419021269385,retraction,
0,1,6,4,180.0,167.0,182.0,164.0,3.605551275463989,1.1718041645257966,-3.1867574640564413,-1.0356961758183434,retraction,
0,1,6,5,185.0,132.0,187.0,127.0,5.385164807134504,1.7501785623187138,0.5820634159834484,0.18917061019462073,extension,
0,1,6,6,200.0,125.0,198.0,119.0,6.324555320336759,2.055480479109447,5.996635866225763,1.9489066565233728,extension,
0,1,6,7,231.0,138.0,237.0,140.0,6.324555320336759,2.055480479109447,4.756097521224003,1.545731694397801,extension,
0,1,6,8,228.0,187.0,225.0,180.0,7.615773105863909,2.4751262594057706,-7.521472160436289,-2.444478452141794,retraction,
0,1,6,9,183.0,194.0,184.0,186.0,8.06225774829855,2.6202337681970285,-6.9661960295542755,-2.26401370960514,retraction,
0,1,6,10,197.0,131.0,208.0,129.0,11.180339887498949,3.6336104634371584,-5.764615938328657,-1.8735001799568134,retraction,
0,1,6,11,243.0,150.0,253.0,144.0,11.661903789690601,3.7901187316494456,9.749619878708081,3.1686264605801266,extension,
0,1,6,12,206.0,185.0,208.0,172.0,13.152946437965905,4.2747075923389195,-13.007966194314413,-4.227589013152184,retraction,
0,1,6,13,235.0,171.0,248.0,162.0,15.811388300841896,5.138701197773616,4.079683483526093,1.3258971321459803,extension,
0,1,6,14,225.0,145.0,248.0,138.0,24.041630560342615,7.81352993211135,23.953363438865694,7.78484311763135,extension,
0,1,6,15,190.0,192.0,178.0,159.0,35.11409973215888,11.412082412951635,-12.228931830189417,-3.9744028448115607,retraction,
0,1,7,1,11.0,136.0,7.0,138.0,4.47213595499958,1.4534441853748634,1.2076489184706318,0.39248589850295534,extension,
0,1,7,2,38.0,141.0,39.0,136.0,5.0990195135927845,1.657181341917655,4.955260610470798,1.6104596984030095,extension,
0,1,7,3,47.0,203.0,47.0,195.0,8.0,2.6,-7.290233701022636,-2.369325952832357,retraction,
0,1,7,4,41.0,225.0,40.0,233.0,8.06225774829855,2.6202337681970285,7.731061132078665,2.512594867925566,extension,
0,1,7,5,18.0,172.0,12.0,157.0,16.15549442140351,5.250535686956141,0.08785640269728745,0.028553330876618422,stable,
0,1,7,6,2.0,140.0,15.0,130.0,16.401219466856727,5.330396326728437,-0.8126636622291201,-0.2641156902244641,retraction,
0,1,7,7,37.0,183.0,37.0,205.0,22.0,7.15,21.392248838367973,6.952480872469591,extension,
0,1,8,1,395.0,190.0,395.0,191.0,1.0,0.325,0.5574071651020418,0.18115732865816359,extension,
0,1,8,2,449.0,181.0,449.0,179.0,2.0,0.65,-1.1286423881676626,-0.36680877615449037,retraction,
0,1,8,3,443.0,148.0,442.0,146.0,2.23606797749979,0.7267220926874317,1.165044378452972,0.3786394229972159,extension,
0,1,8,4,406.0,143.0,403.0,142.0,3.1622776601683795,1.0277402395547235,2.8556134889939173,0.9280743839230231,extension,
0,1,8,5,394.0,150.0,396.0,154.0,4.47213595499958,1.4534441853748634,-3.4115090283861704,-1.1087404342255054,retraction,
0,1,8,6,425.0,209.0,421.0,206.0,5.0,1.625,-2.2715797727341993,-0.7382634261386148,retraction,
0,1,8,7,406.0,200.0,401.0,198.0,5.385164807134504,1.7501785623187138,1.645559027375917,0.5348066838971731,extension,
0,1,8,8,449.0,209.0,453.0,205.0,5.656854249492381,1.8384776310850237,-1.6792576574388178,-0.5457587386676158,retraction,
0,1,8,9,427.0,143.0,421.0,144.0,6.082762530298219,1.9768978223469214,0.5114048255612893,0.16620656830741903,extension,
0,1,8,10,420.0,194.0,414.0,192.0,6.324555320336759,2.055480479109447,0.8892840615357223,0.28901731999910973,extension,
0,1,8,11,438.0,147.0,444.0,151.0,7.211102550927978,2.343608329051593,-0.280367603068715,-0.09111947099733238,stable,
0,1,8,12,453.0,177.0,458.0,169.0,9.433981132056603,3.0660438679183963,2.9914652872674914,0.9722262183619347,extension,
0,1,8,13,458.0,197.0,450.0,203.0,10.0,3.25,0.1459515065816177,0.04743423963902576,stable,
0,1,8,14,388.0,155.0,397.0,140.0,17.4928556845359,5.685178097474168,-1.0426481250274264,-0.3388606406339136,retraction,
0,1,8,15,395.0,163.0,396.0,193.0,30.01666203960727,9.755415162872362,7.574039210448319,2.461562743395704,extension,
0,1,9,1,502.0,151.0,504.0,150.0,2.23606797749979,0.7267220926874317,2.0293863659264026,0.6595505689260809,extension,
0,1,9,2,450.0,164.0,449.0,166.0,2.23606797749979,0.7267220926874317,1.0905278071867528,0.35442153733569465,extension,
0,1,9,3,483.0,156.0,482.0,153.0,3.1622776601683795,1.0277402395547235,2.659513131584804,0.8643417677650613,extension,
0,1,9,4,506.0,183.0,507.0,180.0,3.1622776601683795,1.0277402395547235,-1.8310053382078877,-0.5950767349175635,retraction,
0,1,9,5,467.0,190.0,471.0,189.0,4.123105625617661,1.3400093283257397,-3.424556896129822,-1.1129809912421922,retraction,
0,1,9,6,487.0,192.0,492.0,192.0,5.0,1.625,-0.5969495328278782,-0.19400859816906044,retraction,
0,1,9,7,456.0,182.0,462.0,184.0,6.324555320336759,2.055480479109447,-4.1499782324727335,-1.3487429255536385,retraction,
0,1,9,8,494.0,159.0,493.0,151.0,8.06225774829855,2.6202337681970285,7.876894374382339,2.55999067167426,extension,
0,1,9,9,476.0,180.0,462.0,178.0,14.142135623730951,4.59619407771256,10.39672015510251,3.378934050408316,extension,
0,1,9,10,456.0,160.0,451.0,142.0,18.681541692269406,6.071501049987557,9.836005140954413,3.1967016708101843,extension,
0,1,9,11,464.0,194.0,494.0,192.0,30.066592756745816,9.771642645942391,-13.43273429648843,-4.3656386463587395,retraction,
0,1,10,1,287.0,169.0,292.0,170.0,5.0990195135927845,1.657181341917655,4.274425239718397,1.389188202908479,extension,
0,1,10,2,277.0,164.0,276.0,158.0,6.082762530298219,1.9768978223469214,4.897342251444776,1.5916362317195523,extension,
0,1,10,3,295.0,195.0,288.0,191.0,8.06225774829855,2.6202337681970285,-8.052391383334506,-2.617027199583714,retraction,
0,1,10,4,257.0,169.0,250.0,176.0,9.899494936611665,3.2173358543987916,3.8980998727229395,1.2668824586349554,extension,
0,1,10,5,290.0,175.0,288.0,163.0,12.165525060596439,3.9537956446938427,2.7963966888254816,0.9088289238682815,extension,
0,1,10,6,275.0,202.0,257.0,202.0,18.0,5.8500000000000005,1.4007575648881705,0.45524620858865544,extension,
0,1,11,1,96.0,181.0,96.0,178.0,3.0,0.9750000000000001,2.5769676897100666,0.8375144991557717,extension,
0,1,11,2,60.0,182.0,64.0,181.0,4.123105625617661,1.3400093283257397,-2.6631319870990673,-0.8655178958071968,retraction,
0,1,11,3,58.0,237.0,61.0,234.0,4.242640687119285,1.3788582233137676,-4.167549596957812,-1.354453619011289,retraction,
0,1,11,4,78.0,248.0,79.0,243.0,5.0990195135927845,1.657181341917655,-5.089384394192685,-1.6540499281126226,retraction,
0,1,11,5,127.0,238.0,141.0,236.0,14.142135623730951,4.59619407771256,9.675697262754525,3.144601610395221,extension,
0,1,11,6,77.0,232.0,73.0,216.0,16.492422502470642,5.360037313302959,-13.29519074036202,-4.320936990617657,retraction,
0,1,12,1,412.0,253.0,411.0,252.0,1.4142135623730951,0.45961940777125593,-1.412838982781615,-0.4591726694040249,retraction,
0,1,12,2,407.0,225.0,406.0,223.0,2.23606797749979,0.7267220926874317,-1.461806185243411,-0.4750870102041086,retraction,
0,1,12,3,407.0,233.0,408.0,231.0,2.23606797749979,0.7267220926874317,-0.046546616984961986,-0.015127650520112645,stable,
0,1,12,4,378.0,184.0,378.0,180.0,4.0,1.3,3.998363008205139,1.2994679776666702,extension,
0,1,12,5,400.0,219.0,404.0,219.0,4.0,1.3,3.9848492982399186,1.2950760219279736,extension,
0,1,12,6,396.0,211.0,391.0,208.0,5.830951894845301,1.8950593658247228,-3.027756377319946,-0.9840208226289825,retraction,
0,1,12,7,349.0,205.0,355.0,204.0,6.082762530298219,1.9768978223469214,-5.016300714894658,-1.630297732340764,retraction,
0,1,12,8,351.0,221.0,357.0,216.0,7.810249675906654,2.538331144669663,-6.261555701916663,-2.0350056031229156,retraction,
0,1,12,9,408.0,238.0,415.0,232.0,9.219544457292887,2.9963519486201884,3.194972420063685,1.0383660365206977,extension,
0,1,12,10,350.0,208.0,361.0,202.0,12.529964086141668,4.072238327996042,-6.93370387365799,-2.253453758938847,retraction,
0,1,12,11,370.0,187.0,390.0,181.0,20.8806130178211,6.786199230791858,6.3221409227057705,2.0546957998793753,extension,
0,1,12,12,393.0,220.0,422.0,232.0,31.38470965295043,10.20003063720889,31.223369083666448,10.147594952191596,extension,
0,1,12,13,391.0,223.0,396.0,186.0,37.33630940518894,12.134300556686407,21.93893119432864,7.130152638156808,extension,
0,1,12,14,390.0,253.0,428.0,256.0,38.118237105091836,12.388427059154846,24.982812797967284,8.119414159339367,extension,
0,1,12,15,350.0,194.0,376.0,166.0,38.2099463490856,12.41823256345282,14.07464805113571,4.574260616619106,extension,
0,1,13,1,192.0,203.0,192.0,204.0,1.0,0.325,-0.9653410121190937,-0.3137358289387055,retraction,
0,1,13,2,166.0,247.0,168.0,242.0,5.385164807134504,1.7501785623187138,-5.0634269863615735,-1.6456137705675113,retraction,
0,1,13,3,139.0,207.0,132.0,205.0,7.280109889280518,2.3660357140161685,7.2781880157763865,2.365411105127326,extension,
0,1,13,4,167.0,196.0,168.0,204.0,8.06225774829855,2.6202337681970285,-6.629934277108653,-2.1547286400603123,retraction,
0,1,13,5,171.0,191.0,179.0,201.0,12.806248474865697,4.162030754331352,-12.413322030780588,-4.034329660003691,retraction,
0,1,13,6,213.0,202.0,201.0,207.0,13.0,4.2250000000000005,-12.284154405030261,-3.992350181634835,retraction,
0,1,13,7,199.0,220.0,214.0,227.0,16.55294535724685,5.379707241105226,15.293535374895525,4.970398996841046,extension,
0,1,13,8,158.0,208.0,143.0,199.0,17.4928556845359,5.685178097474168,17.446281973016404,5.670041641230331,extension,
0,1,13,9,214.0,259.0,211.0,239.0,20.223748416156685,6.572718235250923,-16.39304762268966,-5.32774047737414,retraction,
0,1,14,1,279.0,226.0,281.0,229.0,3.605551275463989,1.1718041645257966,3.2986459431266546,1.0720599315161627,extension,
0,1,14,2,245.0,235.0,245.0,230.0,5.0,1.625,-3.472382022418685,-1.1285241572860727,retraction,
0,1,14,3,211.0,225.0,210.0,220.0,5.0990195135927845,1.657181341917655,0.36558973672498496,0.11881666443562011,stable,
0,1,14,4,252.0,243.0,258.0,242.0,6.082762530298219,1.9768978223469214,-2.4864672218441264,-0.8081018470993411,retraction,
0,1,14,5,221.0,202.0,221.0,195.0,7.0,2.275,2.740813180255145,0.8907642835829223,extension,
0,1,14,6,271.0,209.0,279.0,202.0,10.63014581273465,3.4547973891387613,10.62096129455386,3.4518124207300045,extension,
0,1,14,7,216.0,229.0,235.0,230.0,19.026297590440446,6.1835467168931455,-17.387860959377377,-5.651054811797648,retraction,
0,1,14,8,254.0,214.0,267.0,198.0,20.615528128088304,6.700046641628699,10.435330441034084,3.3914823933360774,extension,
0,1,15,1,29.0,297.0,29.0,298.0,1.0,0.325,0.712902349053131,0.23169326344226757,extension,
0,1,15,2,22.0,259.0,24.0,259.0,2.0,0.65,-1.9523403194629196,-0.6345106038254489,retraction,
0,1,15,3,20.0,293.0,19.0,291.0,2.23606797749979,0.7267220926874317,-0.22455142226945668,-0.07297921223757342,stable,
0,1,15,4,67.0,248.0,69.0,246.0,2.8284271247461903,0.9192388155425119,2.643878571137712,0.8592605356197565,extension,
0,1,15,5,42.0,297.0,39.0,297.0,3.0,0.9750000000000001,1.5736334555065596,0.5114308730396319,extension,
0,1,15,6,61.0,292.0,64.0,291.0,3.1622776601683795,1.0277402395547235,-0.5645710637063814,-0.18348559570457398,retraction,
0,1,15,7,8.0,282.0,13.0,281.0,5.0990195135927845,1.657181341917655,-5.076874319322819,-1.6499841537799163,retraction,
0,1,15,8,20.0,273.0,25.0,275.0,5.385164807134504,1.7501785623187138,-4.530340920751762,-1.4723607992443226,retraction,
0,1,15,9,65.0,267.0,72.0,257.0,12.206555615733702,3.9671305751134534,10.401219466856727,3.3803963267284365,extension,
0,1,16,1,275.0,307.0,275.0,307.0,0.0,0.0,0.0,0.0,stable,
0,1,16,2,281.0,279.0,279.0,277.0,2.8284271247461903,0.9192388155425119,2.813102015652035,0.9142581550869114,extension,
0,1,16,3,270.0,325.0,269.0,320.0,5.0990195135927845,1.657181341917655,0.07269659995015587,0.023626394983800657,stable,
0,1,16,4,340.0,314.0,345.0,316.0,5.385164807134504,1.7501785623187138,4.997620760415927,1.6242267471351763,extension,
0,1,16,5,339.0,307.0,345.0,310.0,6.708203932499369,2.1801662780622952,5.27212114634473,1.7134393725620374,extension,
0,1,16,6,275.0,327.0,282.0,324.0,7.615773105863909,2.4751262594057706,-7.589117660294516,-2.4664632395957176,retraction,
0,1,16,7,310.0,351.0,317.0,347.0,8.06225774829855,2.6202337681970285,-3.243321291681603,-1.054079419796521,retraction,
0,1,16,8,352.0,337.0,365.0,328.0,15.811388300841896,5.138701197773616,9.102406239260375,2.9582820277596222,extension,
0,1,16,9,273.0,283.0,282.0,269.0,16.64331697709324,5.409078017555303,4.933348836805003,1.6033383719616259,extension,
0,1,16,10,351.0,346.0,364.0,325.0,24.698178070456937,8.026907872898505,3.517731767398338,1.14326282440446,extension,
0,1,16,11,296.0,279.0,276.0,303.0,31.240998703626616,10.153324578678651,-2.570903077016041,-0.8355435000302134,retraction,
0,1,17,1,187.0,358.0,189.0,359.0,2.23606797749979,0.7267220926874317,2.059820272452809,0.669441588547163,extension,
0,1,17,2,188.0,318.0,189.0,314.0,4.123105625617661,1.3400093283257397,4.1191707666070485,1.3387304991472908,extension,
0,1,17,3,141.0,315.0,143.0,320.0,5.385164807134504,1.7501785623187138,-4.7219011246809615,-1.5346178655213125,retraction,
0,1,17,4,149.0,300.0,154.0,297.0,5.830951894845301,1.8950593658247228,0.19400049231208527,0.06305016000142771,stable,
0,1,17,5,169.0,297.0,162.0,298.0,7.0710678118654755,2.29809703885628,0.839837865298442,0.27294730622199365,extension,
0,1,17,6,177.0,312.0,199.0,326.0,26.076809620810597,8.474963126763445,-6.32337526000288,-2.0550969595009363,retraction,
0,1,17,7,170.0,337.0,196.0,346.0,27.51363298439521,8.941930719928443,2.904572365071795,0.9439860186483334,extension,
0,1,17,8,169.0,323.0,205.0,333.0,37.36308338453881,12.143002099975114,3.090838003934749,1.0045223512787935,extension,
0,1,18,1,396.0,423.0,399.0,424.0,3.1622776601683795,1.0277402395547235,-0.9857638129953159,-0.32037323922347766,retraction,
0,1,18,2,395.0,401.0,393.0,398.0,3.605551275463989,1.1718041645257966,2.6621823435392074,0.8652092616502424,extension,
0,1,18,3,378.0,382.0,374.0,384.0,4.47213595499958,1.4534441853748634,2.4449076445346023,0.7945949844737458,extension,
0,1,18,4,422.0,328.0,417.0,333.0,7.0710678118654755,2.29809703885628,-5.4792329898502175,-1.7807507217013208,retraction,
0,1,18,5,420.0,427.0,431.0,427.0,11.0,3.575,5.481276456580755,1.7814148483887453,extension,
0,1,18,6,411.0,338.0,419.0,367.0,30.083217912982647,9.77704582171936,-28.351234555311535,-9.214151230476249,retraction,
0,1,19,1,140.0,361.0,141.0,361.0,1.0,0.325,-0.9313935734954555,-0.30270291138602307,retraction,
0,1,19,2,138.0,340.0,139.0,337.0,3.1622776601683795,1.0277402395547235,1.2111894601925002,0.39363657456256257,extension,
0,1,19,3,167.0,331.0,164.0,333.0,3.605551275463989,1.1718041645257966,-0.7357069894186736,-0.23910477156106894,retraction,
0,1,19,4,174.0,402.0,169.0,409.0,8.602325267042627,2.795755711788854,8.438350715445125,2.742463982519666,extension,
0,1,19,5,159.0,333.0,150.0,339.0,10.816653826391969,3.51541249357739,0.261582576171115,0.08501433725561239,stable,
0,1,19,6,169.0,387.0,168.0,373.0,14.035668847618199,4.5615923754759145,-0.7298010702956894,-0.23718534784609907,retraction,
0,1,20,1,89.0,373.0,90.0,370.0,3.1622776601683795,1.0277402395547235,1.0700387152282005,0.3477625824491652,extension,
0,1,20,2,92.0,352.0,95.0,350.0,3.605551275463989,1.1718041645257966,3.579271423596463,1.1632632126688505,extension,
0,1,20,3,95.0,363.0,92.0,367.0,5.0,1.625,-3.976428392515569,-1.2923392275675598,retraction,
0,1,20,4,63.0,392.0,58.0,391.0,5.0990195135927845,1.657181341917655,1.0738853822790482,0.34901274924069065,extension,
0,1,20,5,72.0,401.0,73.0,393.0,8.06225774829855,2.6202337681970285,-7.777201147794553,-2.52759037303323,retraction,
0,1,20,6,38.0,359.0,43.0,369.0,11.180339887498949,3.6336104634371584,-7.442967971338419,-2.418964590684986,retraction,
0,1,20,7,65.0,395.0,57.0,356.0,39.81205847478876,12.93891900430635,-3.3452350598575045,-1.087201394453689,retraction,
0,1,21,1,114.0,412.0,110.0,408.0,5.656854249492381,1.8384776310850237,0.37301602731463745,0.12123020887725718,stable,
0,1,21,2,119.0,387.0,114.0,390.0,5.830951894845301,1.8950593658247228,2.503624150369962,0.8136778488702378,extension,
0,1,21,3,98.0,387.0,96.0,380.0,7.280109889280518,2.3660357140161685,4.456168113264987,1.4482546368111207,extension,
0,1,21,4,145.0,394.0,150.0,382.0,13.0,4.2250000000000005,8.959566852186907,2.9118592269607446,extension,
0,1,21,5,91.0,388.0,108.0,382.0,18.027756377319946,5.859020822628983,-13.441875230027996,-4.368609449759099,retraction,
0,1,21,6,146.0,408.0,155.0,385.0,24.698178070456937,8.026907872898505,7.5214518214425645,2.4444718419688334,extension,
0,1,22,1,11.0,405.0,13.0,402.0,3.605551275463989,1.1718041645257966,3.5322547149605725,1.1479827823621862,extension,
0,1,22,2,23.0,401.0,26.0,398.0,4.242640687119285,1.3788582233137676,4.192337722707215,1.362509759879845,extension,
0,1,22,3,22.0,434.0,25.0,431.0,4.242640687119285,1.3788582233137676,3.0571568624236676,0.993575980287692,extension,
0,1,22,4,25.0,405.0,30.0,399.0,7.810249675906654,2.538331144669663,7.806487436771619,2.537108416950776,extension,
0,1,22,5,31.0,415.0,21.0,419.0,10.770329614269007,3.5003571246374277,-10.608037729621916,-3.447612262127123,retraction,
0,1,22,6,18.0,443.0,36.0,434.0,20.12461179749811,6.540498834186885,15.422625928764212,5.012353426848369,extension,
0,1,23,1,211.0,455.0,210.0,454.0,1.4142135623730951,0.45961940777125593,0.6507095674244638,0.21148060941295074,extension,
0,1,23,2,246.0,468.0,248.0,466.0,2.8284271247461903,0.9192388155425119,-0.24116319372010508,-0.07837803795903416,stable,
0,1,23,3,262.0,437.0,260.0,434.0,3.605551275463989,1.1718041645257966,-0.6912840305878163,-0.2246673099410403,retraction,
0,1,23,4,226.0,419.0,229.0,423.0,5.0,1.625,-4.348005531155415,-1.41310179762551,retraction,
0,1,23,5,246.0,426.0,250.0,423.0,5.0,1.625,4.773583024826468,1.5514144830686023,extension,
0,1,23,6,216.0,469.0,219.0,465.0,5.0,1.625,-4.998323754443067,-1.6244552201939968,retraction,
0,1,23,7,195.0,421.0,190.0,416.0,7.0710678118654755,2.29809703885628,7.009614495783374,2.2781247111295966,extension,
0,1,23,8,223.0,435.0,231.0,425.0,12.806248474865697,4.162030754331352,7.735662477526253,2.5140903051960324,extension,
0,1,23,9,212.0,425.0,241.0,427.0,29.068883707497267,9.447387204936613,-6.573461081126581,-2.136374851366139,retraction,
0,1,24,1,381.0,422.0,384.0,415.0,7.615773105863909,2.4751262594057706,7.290221425024381,2.369321963132924,extension,
0,1,24,2,366.0,427.0,363.0,436.0,9.486832980505138,3.08322071866417,-1.6407239779698202,-0.5332352928401916,retraction,
0,1,25,1,473.0,439.0,473.0,437.0,2.0,0.65,0.41189020680995725,0.1338643172132361,stable,
0,1,25,2,474.0,447.0,475.0,450.0,3.1622776601683795,1.0277402395547235,-0.7919704940938246,-0.257390410580493,retraction,
0,1,25,3,502.0,464.0,503.0,461.0,3.1622776601683795,1.0277402395547235,-3.1246117974981082,-1.0154988341868851,retraction,
0,1,25,4,496.0,423.0,500.0,422.0,4.123105625617661,1.3400093283257397,-1.058302870603793,-0.34394843294623273,retraction,
0,1,25,5,482.0,437.0,481.0,441.0,4.123105625617661,1.3400093283257397,0.04935975011314753,0.016041918786772948,stable,
0,1,25,6,492.0,467.0,495.0,464.0,4.242640687119285,1.3788582233137676,-4.236415359428001,-1.3768349918141005,retraction,
0,1,26,1,73.0,471.0,67.0,463.0,10.0,3.25,-3.735662477526253,-1.2140903051960321,retraction,
0,1,27,1,153.0,486.0,153.0,485.0,1.0,0.325,0.9879150735874838,0.32107239891593226,extension,
0,1,27,2,206.0,465.0,206.0,463.0,2.0,0.65,1.2722937813253736,0.41349547893074645,extension,
0,1,27,3,157.0,479.0,158.0,481.0,2.23606797749979,0.7267220926874317,-1.6639254782096344,-0.5407757804181312,retraction,
0,1,27,4,168.0,483.0,168.0,475.0,8.0,2.6,6.868416242717977,2.232235278883343,extension,
0,1,27,5,177.0,475.0,156.0,483.0,22.47220505424423,7.303466642629376,-16.745277624641894,-5.442215228008616,retraction,
0,1,27,6,182.0,489.0,147.0,486.0,35.12833614050059,11.416709245662693,-14.581191622134973,-4.738887277193866,retraction,
0,1,28,1,73.0,511.0,73.0,509.0,2.0,0.65,0.062439083762797054,0.020292702222909045,stable,
0,1,28,2,0.0,496.0,1.0,494.0,2.23606797749979,0.7267220926874317,-0.19513228168468544,-0.06341799154752277,stable,
0,1,28,3,69.0,492.0,77.0,505.0,15.264337522473747,4.960909694803968,2.658726550412055,0.864086128883918,extension,
1,2,1,1,399.0,34.0,400.0,35.0,1.4142135623730951,0.45961940777125593,1.2014291618263222,0.39046447759355474,extension,
1,2,1,2,391.0,53.0,390.0,54.0,1.4142135623730951,0.45961940777125593,0.35115416761899354,0.1141251044761729,stable,
1,2,1,3,392.0,0.0,389.0,0.0,3.0,0.9750000000000001,-1.340493159216983,-0.4356602767455195,retraction,
1,2,1,4,395.0,22.0,396.0,25.0,3.1622776601683795,1.0277402395547235,0.1476213230545511,0.047976929992729116,stable,
1,2,1,5,386.0,23.0,389.0,21.0,3.605551275463989,1.1718041645257966,3.6024337327831457,1.1707909631545224,extension,
1,2,1,6,355.0,14.0,358.0,21.0,7.615773105863909,2.4751262594057706,-6.109260197535672,-1.9855095641990936,retraction,
1,2,1,7,361.0,56.0,354.0,60.0,8.06225774829855,2.6202337681970285,7.126265194535421,2.316036188224012,extension,
1,2,1,8,420.0,64.0,416.0,52.0,12.649110640673518,4.110960958218894,-10.081683207245078,-3.2765470423546503,retraction,
1,2,1,9,347.0,26.0,347.0,44.0,18.0,5.8500000000000005,3.4948959604025163,1.1358411871308178,extension,
1,2,1,10,437.0,61.0,427.0,42.0,21.470910553583888,6.978045929914764,-16.253170929415035,-5.282280552059887,retraction,
1,2,2,1,114.0,90.0,113.0,89.0,1.4142135623730951,0.45961940777125593,0.7620301983436448,0.24765981446168459,extension,
1,2,2,2,120.0,106.0,119.0,107.0,1.4142135623730951,0.45961940777125593,1.388194983140771,0.4511633695207506,extension,
1,2,2,3,89.0,80.0,89.0,77.0,3.0,0.9750000000000001,0.4286538374186719,0.1393124971610684,stable,
1,2,2,4,107.0,52.0,106.0,55.0,3.1622776601683795,1.0277402395547235,-1.6014421532892982,-0.5204686998190219,retraction,
1,2,2,5,175.0,87.0,172.0,91.0,5.0,1.625,-2.5779833802048984,-0.837844598566592,retraction,
1,2,2,6,129.0,116.0,127.0,121.0,5.385164807134504,1.7501785623187138,5.273604705569333,1.7139215293100334,extension,
1,2,2,7,166.0,47.0,161.0,50.0,5.830951894845301,1.8950593658247228,-5.4748971828962,-1.779341584441265,retraction,
1,2,2,8,83.0,75.0,82.0,69.0,6.082762530298219,1.9768978223469214,2.4347361941966454,0.7912892631139098,extension,
1,2,2,9,138.0,52.0,139.0,45.0,7.0710678118654755,2.29809703885628,7.069748464303423,2.2976682508986124,extension,
1,2,2,10,121.0,55.0,130.0,53.0,9.219544457292887,2.9963519486201884,-0.44653445534943614,-0.14512369798856675,stable,
1,2,2,11,90.0,57.0,90.0,67.0,10.0,3.25,-4.614161945602341,-1.4996026323207607,retraction,
1,2,2,12,143.0,57.0,157.0,60.0,14.317821063276353,4.653291845564815,4.559693163220576,1.4819002780466872,extension,
1,2,2,13,101.0,74.0,113.0,83.0,15.0,4.875,-13.690031152123186,-4.449260124440036,retraction,
1,2,2,14,176.0,96.0,153.0,116.0,30.479501308256342,9.905837925183311,-7.057268766789136,-2.293612349206469,retraction,
1,2,2,15,190.0,39.0,172.0,65.0,31.622776601683793,10.277402395547233,-29.528862620805974,-9.596880351761941,retraction,
1,2,3,1,413.0,115.0,413.0,115.0,0.0,0.0,0.0,0.0,stable,
1,2,3,2,420.0,115.0,419.0,114.0,1.4142135623730951,0.45961940777125593,-1.1882305602887442,-0.38617493209384185,retraction,
1,2,3,3,442.0,114.0,444.0,114.0,2.0,0.65,1.5145996212863508,0.49224487691806407,extension,
1,2,3,4,392.0,117.0,389.0,117.0,3.0,0.9750000000000001,1.9276611287172045,0.6264898668330915,extension,
1,2,3,5,389.0,96.0,390.0,92.0,4.123105625617661,1.3400093283257397,-1.774736726598693,-0.5767894361445752,retraction,
1,2,3,6,379.0,100.0,375.0,101.0,4.123105625617661,1.3400093283257397,4.116538870518049,1.337875132918366,extension,
1,2,3,7,438.0,84.0,434.0,86.0,4.47213595499958,1.4534441853748634,-4.29155292810584,-1.3947547016343982,retraction,
1,2,3,8,405.0,66.0,405.0,61.0,5.0,1.625,4.7127042692485475,1.531628887505778,extension,
1,2,3,9,387.0,89.0,391.0,86.0,5.0,1.625,-3.805172990513597,-1.2366812219169192,retraction,
1,2,3,10,387.0,111.0,393.0,121.0,11.661903789690601,3.7901187316494456,3.4471688834732817,1.1203298871288165,extension,
1,2,3,11,440.0,94.0,445.0,108.0,14.866068747318506,4.831472342878515,9.882913335648233,3.211946834085676,extension,
1,2,3,12,399.0,68.0,428.0,68.0,29.0,9.425,-0.5681168728799548,-0.18463798368598533,retraction,
1,2,4,1,238.0,102.0,240.0,101.0,2.23606797749979,0.7267220926874317,-1.5881108923362817,-0.5161360400092916,retraction,
1,2,4,2,217.0,123.0,218.0,121.0,2.23606797749979,0.7267220926874317,-1.3502627109569687,-0.43883538106101483,retraction,
1,2,4,3,254.0,130.0,252.0,128.0,2.8284271247461903,0.9192388155425119,0.0806478904685477,0.026210564402278005,stable,
1,2,4,4,209.0,101.0,212.0,100.0,3.1622776601683795,1.0277402395547235,-2.760273071763187,-0.8970887483230359,retraction,
1,2,4,5,303.0,132.0,301.0,127.0,5.385164807134504,1.7501785623187138,-4.194904865729569,-1.36334408136211,retraction,
1,2,4,6,302.0,120.0,295.0,118.0,7.280109889280518,2.3660357140161685,-7.276987433458281,-2.3650209158739415,retraction,
1,2,4,7,317.0,105.0,321.0,112.0,8.06225774829855,2.6202337681970285,3.470439503472633,1.1278928386286058,extension,
1,2,4,8,279.0,146.0,287.0,145.0,8.06225774829855,2.6202337681970285,1.74574324863854,0.5673665558075255,extension,
1,2,4,9,276.0,75.0,283.0,69.0,9.219544457292887,2.9963519486201884,7.306719165910486,2.374683728920908,extension,
1,2,4,10,259.0,148.0,268.0,144.0,9.848857801796104,3.200878785583734,-5.807014562044159,-1.8872797326643518,retraction,
1,2,4,11,229.0,117.0,220.0,111.0,10.816653826391969,3.51541249357739,8.713231014314196,2.831800079652114,extension,
1,2,4,12,282.0,138.0,294.0,136.0,12.165525060596439,3.9537956446938427,5.010351850203115,1.6283643513160124,extension,
1,2,4,13,307.0,97.0,296.0,110.0,17.029386365926403,5.534550568926081,-13.920127592031093,-4.524041467410106,retraction,
1,2,4,14,267.0,79.0,286.0,90.0,21.95449840010015,7.135211980032548,-6.6144863658006265,-2.1497080688852037,retraction,
1,2,4,15,257.0,154.0,228.0,129.0,38.28837943815329,12.44372331739982,1.9666248444302568,0.6391530744398335,extension,
1,2,5,1,365.0,115.0,366.0,116.0,1.4142135623730951,0.45961940777125593,-0.26199055808855576,-0.08514693137878063,stable,
1,2,5,2,349.0,170.0,345.0,169.0,4.123105625617661,1.3400093283257397,-2.9200206117055743,-0.9490066988043117,retraction,
1,2,5,3,306.0,195.0,304.0,199.0,4.47213595499958,1.4534441853748634,4.072264980366004,1.3234861186189513,extension,
1,2,5,4,348.0,161.0,343.0,158.0,5.830951894845301,1.8950593658247228,-1.5079706896955116,-0.4900904741510413,retraction,
1,2,5,5,304.0,160.0,310.0,158.0,6.324555320336759,2.055480479109447,0.13102465810107589,0.042583013882849664,stable,
1,2,5,6,363.0,118.0,356.0,118.0,7.0,2.275,-3.6923085099398634,-1.2000002657304556,retraction,
1,2,5,7,334.0,126.0,328.0,119.0,9.219544457292887,2.9963519486201884,5.475655613296624,1.7795880743214028,extension,
1,2,5,8,324.0,135.0,332.0,144.0,12.041594578792296,3.913518238107496,-6.781573490151082,-2.204011384299102,retraction,
1,2,5,9,348.0,178.0,349.0,191.0,13.038404810405298,4.237481563381722,-0.3900261769186386,-0.12675850749855755,stable,
1,2,5,10,324.0,200.0,311.0,206.0,14.317821063276353,4.653291845564815,4.259336590413449,1.384284391884371,extension,
1,2,5,11,359.0,139.0,374.0,129.0,18.027756377319946,5.859020822628983,17.542491115465737,5.701309612526365,extension,
1,2,5,12,306.0,174.0,297.0,193.0,21.02379604162864,6.832733713529308,2.442232170303246,0.793725455348555,extension,
1,2,5,13,360.0,97.0,347.0,115.0,22.20360331117452,7.216171076131719,-21.769656650647605,-7.075138411460472,retraction,
1,2,5,14,349.0,165.0,340.0,196.0,32.28002478313795,10.491008054519833,-14.926149440890494,-4.850998568289411,retraction,
1,2,6,1,198.0,119.0,199.0,120.0,1.4142135623730951,0.45961940777125593,-1.2787271133807288,-0.41558631184873684,retraction,
1,2,6,2,187.0,127.0,186.0,126.0,1.4142135623730951,0.45961940777125593,1.4125329776244193,0.4590732177279363,extension,
1,2,6,3,225.0,180.0,226.0,181.0,1.4142135623730951,0.45961940777125593,1.3441816908124338,0.436859049514041,extension,
1,2,6,4,178.0,133.0,179.0,136.0,3.1622776601683795,1.0277402395547235,-2.019842148187699,-0.6564486981610023,retraction,
1,2,6,5,178.0,159.0,181.0,158.0,3.1622776601683795,1.0277402395547235,-3.1489920431553173,-1.0234224140254782,retraction,
1,2,6,6,195.0,187.0,197.0,184.0,3.605551275463989,1.1718041645257966,-3.4515454455081738,-1.1217522697901565,retraction,
1,2,6,7,248.0,162.0,248.0,166.0,4.0,1.3,1.6400410929197662,0.533013355198924,extension,
1,2,6,8,182.0,164.0,182.0,168.0,4.0,1.3,2.4359961301690127,0.7916987423049292,extension,
1,2,6,9,253.0,144.0,249.0,145.0,4.123105625617661,1.3400093283257397,-4.0322292094010805,-1.3104744930553511,retraction,
1,2,6,10,184.0,186.0,188.0,182.0,5.656854249492381,1.8384776310850237,-5.465094594814403,-1.7761557433146808,retraction,
1,2,6,11,208.0,129.0,214.0,128.0,6.082762530298219,1.9768978223469214,1.9736659610102762,0.6414414373283398,extension,
1,2,6,12,248.0,138.0,242.0,135.0,6.708203932499369,2.1801662780622952,-5.057019338331003,-1.6435312849575758,retraction,
1,2,6,13,203.0,116.0,214.0,120.0,11.704699910719626,3.8040274709838786,-3.730484523238431,-1.21240747005249,retraction,
1,2,6,14,237.0,140.0,226.0,135.0,12.083045973594572,3.926989941418236,-8.519162680192707,-2.7687278710626297,retraction,
1,2,6,15,242.0,167.0,249.0,157.0,12.206555615733702,3.9671305751134534,2.4874881482060758,0.8084336481669746,extension,
1,2,7,1,15.0,130.0,16.0,130.0,1.0,0.325,-0.5229449424493211,-0.16995710629602936,retraction,
1,2,7,2,47.0,195.0,42.0,195.0,5.0,1.625,-1.6932931927942576,-0.5503202876581338,retraction,
1,2,7,3,47.0,140.0,42.0,141.0,5.0990195135927845,1.657181341917655,-4.603921286857535,-1.4962744182286989,retraction,
1,2,7,4,40.0,233.0,41.0,226.0,7.0710678118654755,2.29809703885628,-6.776842014777969,-2.2024736548028403,retraction,
1,2,7,5,12.0,157.0,19.0,168.0,13.038404810405298,4.237481563381722,1.147917117443857,0.37307306316925354,extension,
1,2,7,6,37.0,205.0,45.0,227.0,23.40939982143925,7.608054941967757,23.08730514712179,7.503374172814581,extension,
1,2,7,7,39.0,136.0,46.0,159.0,24.041630560342615,7.81352993211135,-0.4831859532629714,-0.15703543481046572,stable,
1,2,7,8,7.0,138.0,18.0,173.0,36.68787265568828,11.923558613098692,-2.370270438551202,-0.7703378925291408,retraction,
1,2,8,1,444.0,151.0,445.0,152.0,1.4142135623730951,0.45961940777125593,0.0,0.0,stable,
1,2,8,2,433.0,216.0,431.0,216.0,2.0,0.65,-0.12219487217050329,-0.03971333345541357,stable,
1,2,8,3,396.0,154.0,394.0,152.0,2.8284271247461903,0.9192388155425119,2.610569827383145,0.8484351938995222,extension,
1,2,8,4,396.0,193.0,393.0,195.0,3.605551275463989,1.1718041645257966,3.5951139287655067,1.1684120268487896,extension,
1,2,8,5,450.0,203.0,451.0,199.0,4.123105625617661,1.3400093283257397,-2.844356290454215,-0.9244157943976198,retraction,
1,2,8,6,458.0,169.0,453.0,171.0,5.385164807134504,1.7501785623187138,-4.73783358630439,-1.539795915548927,retraction,
1,2,8,7,418.0,221.0,421.0,226.0,5.830951894845301,1.8950593658247228,4.4309196525973675,1.4400488870941446,extension,
1,2,8,8,401.0,198.0,406.0,202.0,6.4031242374328485,2.081015377165676,0.10758603433300351,0.034965461158226144,stable,
1,2,8,9,442.0,146.0,435.0,146.0,7.0,2.275,-2.8578484026153816,-0.928800730849999,retraction,
1,2,8,10,449.0,179.0,448.0,186.0,7.0710678118654755,2.29809703885628,3.5462501057076032,1.152531284354971,extension,
1,2,8,11,416.0,218.0,410.0,212.0,8.48528137423857,2.7577164466275352,-3.7840905004838135,-1.2298294126572393,retraction,
1,2,8,12,421.0,144.0,431.0,144.0,10.0,3.25,-1.2647985625414506,-0.41105953282597146,retraction,
1,2,8,13,395.0,191.0,401.0,179.0,13.416407864998739,4.3603325561245905,-11.154211669913991,-3.625118792722047,retraction,
1,2,8,14,453.0,205.0,456.0,188.0,17.26267650163207,5.610369863030423,-10.73914735551432,-3.490222890542154,retraction,
1,2,9,1,494.0,192.0,494.0,191.0,1.0,0.325,-1.0,-0.325,retraction,
1,2,9,2,482.0,153.0,480.0,152.0,2.23606797749979,0.7267220926874317,2.13441042606566,0.6936833884713395,extension,
1,2,9,3,451.0,142.0,454.0,140.0,3.605551275463989,1.1718041645257966,-1.5948357006634168,-0.5183216027156105,retraction,
1,2,9,4,462.0,178.0,465.0,175.0,4.242640687119285,1.3788582233137676,-3.8641087779851517,-1.2558353528451744,retraction,
1,2,9,5,504.0,150.0,509.0,151.0,5.0990195135927845,1.657181341917655,2.4905281513632467,0.8094216491930551,extension,
1,2,9,6,449.0,166.0,448.0,158.0,8.06225774829855,2.6202337681970285,1.5184507568197674,0.4934964959664244,extension,
1,2,9,7,462.0,184.0,458.0,171.0,13.601470508735444,4.42047791533902,-0.7190129500674729,-0.2336792087719287,retraction,
1,2,9,8,493.0,151.0,477.0,154.0,16.278820596099706,5.290616693732405,6.212787883698388,2.019156062201976,extension,
1,2,9,9,471.0,189.0,474.0,173.0,16.278820596099706,5.290616693732405,-11.700881048651308,-3.802786340811675,retraction,
1,2,10,1,288.0,163.0,290.0,163.0,2.0,0.65,1.5475303611418063,0.502947367371087,extension,
1,2,10,2,288.0,191.0,288.0,189.0,2.0,0.65,-0.7872016449817849,-0.25584053461908013,retraction,
1,2,10,3,257.0,202.0,259.0,200.0,2.8284271247461903,0.9192388155425119,-2.643878571137712,-0.8592605356197565,retraction,
1,2,10,4,246.0,188.0,247.0,192.0,4.123105625617661,1.3400093283257397,0.689480799847999,0.2240812599505997,extension,
1,2,10,5,276.0,158.0,277.0,163.0,5.0990195135927845,1.657181341917655,-4.106917788482935,-1.334748281256954,retraction,
1,2,10,6,292.0,170.0,298.0,171.0,6.082762530298219,1.9768978223469214,5.259994382309333,1.7094981742505333,extension,
1,2,10,7,250.0,176.0,253.0,201.0,25.179356624028344,8.183290902809212,6.693066084798055,2.175246477559368,extension,
1,2,11,1,61.0,234.0,60.0,236.0,2.23606797749979,0.7267220926874317,2.2304391906253187,0.7248927369532286,extension,
1,2,11,2,79.0,243.0,77.0,237.0,6.324555320336759,2.055480479109447,-5.726088690147414,-1.8609788242979095,retraction,
1,2,11,3,64.0,181.0,59.0,176.0,7.0710678118654755,2.29809703885628,7.050952741455507,2.29155964097304,extension,
1,2,11,4,96.0,178.0,106.0,178.0,10.0,3.25,6.811138913909922,2.2136201470207246,extension,
1,2,11,5,141.0,236.0,123.0,234.0,18.110770276274835,5.886000339789321,-15.404244116725096,-5.006379337935656,retraction,
1,2,11,6,73.0,216.0,59.0,199.0,22.02271554554524,7.157382552302203,2.6122786040007036,0.8489905463002286,extension,
1,2,12,1,376.0,166.0,377.0,165.0,1.4142135623730951,0.45961940777125593,0.9897969806286184,0.321684018704301,extension,
1,2,12,2,422.0,232.0,423.0,231.0,1.4142135623730951,0.45961940777125593,0.5991287643209091,0.19471684840429546,extension,
1,2,12,3,357.0,216.0,359.0,216.0,2.0,0.65,-1.9972280171808414,-0.6490991055837735,retraction,
1,2,12,4,428.0,256.0,426.0,256.0,2.0,0.65,-1.5464612160783915,-0.5025998952254772,retraction,
1,2,12,5,415.0,232.0,417.0,230.0,2.8284271247461903,0.9192388155425119,1.090702133590355,0.35447819341686543,extension,
1,2,12,6,411.0,252.0,413.0,254.0,2.8284271247461903,0.9192388155425119,2.8260399332579453,0.9184629783088323,extension,
1,2,12,7,404.0,219.0,405.0,216.0,3.1622776601683795,1.0277402395547235,0.7231633243314377,0.23502808040771725,extension,
1,2,12,8,406.0,223.0,408.0,226.0,3.605551275463989,1.1718041645257966,2.8105504938144037,0.9134289104896812,extension,
1,2,12,9,391.0,208.0,384.0,205.0,7.615773105863909,2.4751262594057706,-3.4459202267648266,-1.1199240736985687,retraction,
1,2,12,10,434.0,237.0,441.0,240.0,7.615773105863909,2.4751262594057706,7.611252063647022,2.4736569206852823,extension,
1,2,12,11,378.0,180.0,378.0,188.0,8.0,2.6,-7.995770627810604,-2.598625454038446,retraction,
1,2,12,12,361.0,202.0,359.0,194.0,8.246211251235321,2.6800186566514794,7.043105243790357,2.289009204231866,extension,
1,2,12,13,355.0,204.0,346.0,205.0,9.055385138137417,2.9430001698946606,7.9762471973069715,2.5922803391247657,extension,
1,2,12,14,390.0,181.0,384.0,188.0,9.219544457292887,2.9963519486201884,-8.507898084439887,-2.765066877442963,retraction,
1,2,12,15,408.0,231.0,409.0,220.0,11.045361017187261,3.58974233058586,-2.4972576036215273,-0.8116087211769963,retraction,
1,2,12,16,432.0,244.0,415.0,257.0,21.400934559032695,6.9553037316856265,-5.537957192814069,-1.7998360876645725,retraction,
1,2,12,17,396.0,186.0,397.0,214.0,28.0178514522438,9.105801721979235,-14.644887252218641,-4.759588356971059,retraction,
1,2,12,18,436.0,234.0,409.0,217.0,31.906112267087632,10.369486486803481,-29.921429785484143,-9.724464680282347,retraction,
1,2,13,1,168.0,242.0,168.0,241.0,1.0,0.325,-0.8122637890555104,-0.2639857314430409,retraction,
1,2,13,2,179.0,201.0,180.0,199.0,2.23606797749979,0.7267220926874317,1.873589325633965,0.6089165308310387,extension,
1,2,13,3,211.0,239.0,208.0,237.0,3.605551275463989,1.1718041645257966,-3.598810588335951,-1.169613441209184,retraction,
1,2,13,4,168.0,204.0,170.0,199.0,5.385164807134504,1.7501785623187138,3.138735040162935,1.020088888052954,extension,
1,2,13,5,201.0,207.0,205.0,203.0,5.656854249492381,1.8384776310850237,5.625430906532188,1.8282650446229611,extension,
1,2,13,6,186.0,200.0,183.0,207.0,7.615773105863909,2.4751262594057706,-7.32738339662499,-2.3813996039031218,retraction,
1,2,13,7,194.0,240.0,199.0,232.0,9.433981132056603,3.0660438679183963,-1.9102247294679167,-0.620823037077073,retraction,
1,2,13,8,192.0,204.0,201.0,201.0,9.486832980505138,3.08322071866417,7.728344235038591,2.511711876387542,extension,
1,2,13,9,214.0,227.0,220.0,217.0,11.661903789690601,3.7901187316494456,5.939266312070309,1.9302615514228505,extension,
1,2,13,10,143.0,224.0,152.0,232.0,12.041594578792296,3.913518238107496,-7.428471777849477,-2.41425332780108,retraction,
1,2,13,11,143.0,199.0,148.0,211.0,13.0,4.2250000000000005,-9.541788920275813,-3.1010813990896393,retraction,
1,2,14,1,267.0,198.0,268.0,197.0,1.4142135623730951,0.45961940777125593,1.3524445857666691,0.4395444903741675,extension,
1,2,14,2,258.0,242.0,257.0,240.0,2.23606797749979,0.7267220926874317,-2.1082302610536274,-0.6851748348424289,retraction,
1,2,14,3,279.0,202.0,275.0,201.0,4.123105625617661,1.3400093283257397,-2.326184482566031,-0.7560099568339601,retraction,
1,2,14,4,235.0,230.0,228.0,230.0,7.0,2.275,6.5287867420541055,2.1218556911675845,extension,
1,2,14,5,265.0,244.0,278.0,247.0,13.341664064126334,4.336040820841059,9.633237507450659,3.130802189921464,extension,
1,2,14,6,281.0,229.0,294.0,224.0,13.92838827718412,4.526726190084839,11.912273413745002,3.8714888594671257,extension,
1,2,14,7,210.0,220.0,228.0,214.0,18.973665961010276,6.16644143732834,-17.118458377744894,-5.563498972767091,retraction,
1,2,15,1,19.0,291.0,20.0,291.0,1.0,0.325,-0.8564402806037918,-0.27834309119623235,retraction,
1,2,15,2,25.0,275.0,27.0,274.0,2.23606797749979,0.7267220926874317,-2.147428868569566,-0.697914382285109,retraction,
1,2,15,3,24.0,259.0,28.0,259.0,4.0,1.3,-3.79397173384341,-1.2330408134991082,retraction,
1,2,15,4,64.0,291.0,67.0,287.0,5.0,1.625,-2.3143767117102634,-0.7521724313058357,retraction,
1,2,15,5,13.0,281.0,8.0,283.0,5.385164807134504,1.7501785623187138,5.356971428900572,1.7410157143926859,extension,
1,2,15,6,69.0,246.0,65.0,252.0,7.211102550927978,2.343608329051593,-7.184305565574469,-2.3348993088117025,retraction,
1,2,15,7,29.0,298.0,33.0,290.0,8.94427190999916,2.906888370749727,-8.478402507523029,-2.7554808149449843,retraction,
1,2,15,8,72.0,257.0,77.0,268.0,12.083045973594572,3.926989941418236,1.0237960416286391,0.33273371352930775,extension,
1,2,16,1,276.0,303.0,280.0,303.0,4.0,1.3,-3.806155998777399,-1.2370006996026548,retraction,
1,2,16,2,279.0,277.0,283.0,275.0,4.47213595499958,1.4534441853748634,-0.8180403225545732,-0.2658631048302363,retraction,
1,2,16,3,275.0,307.0,274.0,312.0,5.0990195135927845,1.657181341917655,0.48892979675905934,0.15890218394669428,stable,
1,2,16,4,345.0,310.0,344.0,305.0,5.0990195135927845,1.657181341917655,-0.22213759434440306,-0.072194718161931,stable,
1,2,16,5,352.0,321.0,354.0,326.0,5.385164807134504,1.7501785623187138,3.1022982572633993,1.0082469336106048,extension,
1,2,16,6,282.0,269.0,288.0,268.0,6.082762530298219,1.9768978223469214,-1.9648019248206836,-0.6385606255667222,retraction,
1,2,16,7,282.0,324.0,274.0,327.0,8.54400374531753,2.7768012172281975,8.541394175715027,2.7759531071073837,extension,
1,2,16,8,317.0,347.0,303.0,341.0,15.231546211727817,4.950252518811541,-6.292856266593251,-2.0451782866428068,retraction,
1,2,16,9,365.0,328.0,355.0,344.0,18.867962264113206,6.132087735836793,-2.5034191691083265,-0.8136112299602062,retraction,
1,2,16,10,364.0,325.0,355.0,348.0,24.698178070456937,8.026907872898505,1.5075122863234256,0.48994149305511336,extension,
1,2,16,11,269.0,320.0,277.0,296.0,25.298221281347036,8.221921916437788,-4.37253914450703,-1.4210752219647849,retraction,
1,2,16,12,350.0,320.0,355.0,351.0,31.400636936215164,10.205207004269928,18.07246687453435,5.873551734223664,extension,
1,2,16,13,345.0,316.0,347.0,354.0,38.05259518088089,12.367093433786291,19.776915701117858,6.427497602863304,extension,
1,2,17,1,189.0,314.0,190.0,313.0,1.4142135623730951,0.45961940777125593,0.9200112199579884,0.29900364648634625,extension,
1,2,17,2,205.0,333.0,204.0,330.0,3.1622776601683795,1.0277402395547235,-0.6583359358736658,-0.2139591791589414,retraction,
1,2,17,3,199.0,326.0,203.0,325.0,4.123105625617661,1.3400093283257397,3.7920592891213065,1.2324192689644247,extension,
1,2,17,4,196.0,346.0,202.0,346.0,6.0,1.9500000000000002,3.1009980887422834,1.0078243788412422,extension,
1,2,17,5,189.0,359.0,184.0,354.0,7.0710678118654755,2.29809703885628,-3.940865999631942,-1.2807814498803813,retraction,
1,2,17,6,143.0,320.0,150.0,311.0,11.40175425099138,3.7055701315721983,-3.199706540098056,-1.0399046255318682,retraction,
1,2,17,7,162.0,298.0,177.0,329.0,34.438350715445125,11.192463982519666,-30.893052930893013,-10.04024220254023,retraction,
1,2,18,1,438.0,426.0,436.0,425.0,2.23606797749979,0.7267220926874317,-2.166644091242972,-0.704159329653966,retraction,
1,2,18,2,393.0,398.0,395.0,401.0,3.605551275463989,1.1718041645257966,-2.5570261956723073,-0.8310335135934999,retraction,
1,2,18,3,431.0,427.0,431.0,434.0,7.0,2.275,5.650734787766815,1.836488806024215,extension,
1,2,18,4,399.0,424.0,399.0,415.0,9.0,2.9250000000000003,-7.216210496418508,-2.3452684113360154,retraction,
1,2,18,5,417.0,333.0,419.0,323.0,10.198039027185569,3.31436268383531,10.142332687965933,3.2962581235889283,extension,
1,2,18,6,419.0,367.0,434.0,370.0,15.297058540778355,4.971544025752966,3.3461928930659823,1.0875126902464443,extension,
1,2,18,7,374.0,384.0,394.0,382.0,20.09975124224178,6.532419153728578,-14.574756513958253,-4.736795867036432,retraction,
1,2,19,1,141.0,361.0,140.0,361.0,1.0,0.325,0.9325619877326048,0.3030826460130966,extension,
1,2,19,2,168.0,373.0,168.0,375.0,2.0,0.65,-0.5083710062236761,-0.16522057702269474,retraction,
1,2,19,3,139.0,337.0,141.0,336.0,2.23606797749979,0.7267220926874317,-0.8126289106832374,-0.26410439597205215,retraction,
1,2,19,4,171.0,324.0,170.0,327.0,3.1622776601683795,1.0277402395547235,-2.5716965001190175,-0.8358013625386808,retraction,
1,2,19,5,201.0,367.0,197.0,362.0,6.4031242374328485,2.081015377165676,1.2839940087302466,0.4172980528373302,extension,
1,2,19,6,183.0,408.0,178.0,400.0,9.433981132056603,3.0660438679183963,-6.427243019017169,-2.08885398118058,retraction,
1,2,19,7,140.0,358.0,163.0,360.0,23.08679276123039,7.5032076473998774,-20.86769497490707,-6.782000866844799,retraction,
1,2,19,8,197.0,383.0,196.0,359.0,24.020824298928627,7.806767897151804,11.161382585192301,3.627449340187498,extension,
1,2,20,1,58.0,391.0,58.0,388.0,3.0,0.9750000000000001,-2.53801056115255,-0.8248534323745788,retraction,
1,2,20,2,95.0,350.0,93.0,354.0,4.47213595499958,1.4534441853748634,-4.058772731852805,-1.3191011378521618,retraction,
1,2,20,3,73.0,393.0,75.0,389.0,4.47213595499958,1.4534441853748634,-3.3498019491120026,-1.0886856334614008,retraction,
1,2,20,4,23.0,356.0,30.0,353.0,7.615773105863909,2.4751262594057706,-5.3211587205759585,-1.7293765841871866,retraction,
1,2,20,5,92.0,367.0,98.0,372.0,7.810249675906654,2.538331144669663,5.4627954081203605,1.7754085076391173,extension,
1,2,21,1,110.0,408.0,114.0,409.0,4.123105625617661,1.3400093283257397,-2.4046134379511876,-0.781499367334136,retraction,
1,2,21,2,121.0,414.0,127.0,416.0,6.324555320336759,2.055480479109447,0.7753393103120523,0.251985275851417,extension,
1,2,21,3,108.0,382.0,104.0,391.0,9.848857801796104,3.200878785583734,0.47732923743975064,0.15513200216791898,stable,
1,2,21,4,150.0,382.0,147.0,392.0,10.44030650891055,3.393099615395929,-6.318480616689932,-2.053506200424228,retraction,
1,2,21,5,114.0,390.0,119.0,370.0,20.615528128088304,6.700046641628699,11.70459176385434,3.8039923232526607,extension,
1,2,21,6,155.0,385.0,137.0,364.0,27.65863337187866,8.989055845860566,3.4876646853620095,1.1334910227426531,extension,
1,2,22,1,36.0,434.0,35.0,434.0,1.0,0.325,-0.9984164687236827,-0.3244853523351969,retraction,
1,2,22,2,25.0,431.0,25.0,433.0,2.0,0.65,0.0,0.0,stable,
1,2,22,3,13.0,402.0,14.0,400.0,2.23606797749979,0.7267220926874317,2.232932944602325,0.7257032069957557,extension,
1,2,22,4,26.0,398.0,25.0,402.0,4.123105625617661,1.3400093283257397,-3.7506207385321204,-1.2189517400229393,retraction,
1,2,22,5,39.0,407.0,32.0,407.0,7.0,2.275,-5.717058279107974,-1.8580439407100915,retraction,
1,2,22,6,21.0,419.0,30.0,419.0,9.0,2.9250000000000003,7.997387378086696,2.599150897878176,extension,
1,2,22,7,30.0,399.0,9.0,395.0,21.37755832643195,6.947706456090383,-6.519340712635973,-2.118785731606691,retraction,
1,2,22,8,36.0,396.0,41.0,433.0,37.33630940518894,12.134300556686407,-9.899494936611667,-3.217335854398792,retraction,
1,2,23,1,248.0,466.0,247.0,467.0,1.4142135623730951,0.45961940777125593,0.1944788513964859,0.06320562670385792,stable,
1,2,23,2,231.0,425.0,230.0,427.0,2.23606797749979,0.7267220926874317,-1.91882286708584,-0.6236174318028981,retraction,
1,2,23,3,260.0,434.0,263.0,435.0,3.1622776601683795,1.0277402395547235,2.430675983341416,0.7899696945859603,extension,
1,2,23,4,219.0,465.0,220.0,462.0,3.1622776601683795,1.0277402395547235,-3.0217288664426754,-0.9820618815938695,retraction,
1,2,23,5,190.0,416.0,193.0,411.0,5.830951894845301,1.8950593658247228,0.7883384240398499,0.25620998781295123,extension,
1,2,23,6,210.0,454.0,203.0,462.0,10.63014581273465,3.4547973891387613,9.71159050191914,3.1562669131237207,extension,
1,2,23,7,250.0,423.0,263.0,416.0,14.7648230602334,4.798567494575855,13.933145487225516,4.528272283348293,extension,
1,2,24,1,384.0,415.0,387.0,413.0,3.605551275463989,1.1718041645257966,2.160255680657446,0.70208309621367,extension,
1,2,24,2,363.0,436.0,371.0,428.0,11.313708498984761,3.6769552621700474,-3.202256834072667,-1.040733471073617,retraction,
1,2,25,1,500.0,422.0,500.0,420.0,2.0,0.65,1.8179029995314018,0.5908184748477056,extension,
1,2,25,2,495.0,464.0,491.0,470.0,7.211102550927978,2.343608329051593,7.1761364904158,2.332244359385135,extension,
1,2,26,1,67.0,463.0,78.0,473.0,14.866068747318506,4.831472342878515,6.857864376269049,2.228805922287441,extension,
1,2,27,1,147.0,486.0,142.0,483.0,5.830951894845301,1.8950593658247228,5.443785576733266,1.7692303124383113,extension,
1,2,27,2,206.0,463.0,199.0,466.0,7.615773105863909,2.4751262594057706,-7.537344422210971,-2.449636937218566,retraction,
1,2,27,3,168.0,475.0,181.0,497.0,25.553864678361276,8.305006020467415,5.6339135529358995,1.8310219047041674,extension,
1,2,28,1,77.0,505.0,75.0,488.0,17.11724276862369,5.5631038998027,2.030189113062434,0.6598114617452912,extension,
1,2,28,2,1.0,494.0,30.0,481.0,31.78049716414141,10.328661578345958,10.434322616984428,3.391154850519939,extension,
