frame,cell_id,centroid_x_px,centroid_y_px,centroid_x_um,centroid_y_um,soma_x_px,soma_y_px,soma_x_um,soma_y_um,cell_area_um2,soma_radius_um,process_tips,frame_from,frame_to,centroid_displacement_um,centroid_velocity_um_per_min,soma_displacement_um,soma_velocity_um_per_min,previous_process_tips,current_process_tips,matched_process_tips
0.0,1,390.5964912280702,42.334881320949435,126.94385964912281,13.758836429308566,373.0,35.0,121.22500000000001,11.375,204.70125000000002,3.2479766845703124,12.0,,,,,,,,,
0.0,2,135.32933210218528,79.45367805478608,43.98203293321021,25.82244536780548,133.0,84.0,43.225,27.3,343.175625,4.738951873779297,17.0,,,,,,,,,
0.0,3,416.6542680019075,97.36003814973772,135.41263710061995,31.64201239866476,416.0,94.0,135.20000000000002,30.55,221.495625,3.9000000000000004,15.0,,,,,,,,,
0.0,4,256.1373344147067,117.23357664233576,83.24463368477967,38.10091240875912,263.0,113.0,85.47500000000001,36.725,390.706875,5.585957336425781,15.0,,,,,,,,,
0.0,5,333.264887063655,168.71868583162217,108.31108829568788,54.83357289527721,338.0,186.0,109.85000000000001,60.45,308.63625,3.83096923828125,20.0,,,,,,,,,
0.0,6,209.94304347826088,160.14,68.23148913043478,52.0455,204.0,149.0,66.3,48.425000000000004,242.9375,3.7029747009277343,15.0,,,,,,,,,
0.0,7,29.683027794204612,169.9041986989947,9.6469840331165,55.21886457717328,30.0,158.0,9.75,51.35,178.61187500000003,4.55,8.0,,,,,,,,,
0.0,8,422.3456445993031,175.07595818815332,137.2623344947735,56.89968641114983,428.0,168.0,139.1,54.6,303.14375,5.7119384765625005,15.0,,,,,,,,,
0.0,9,480.2682370820669,171.76899696048633,156.08717705167174,55.82492401215806,483.0,168.0,156.975,54.6,139.0025,2.8559692382812503,14.0,,,,,,,,,
0.0,10,271.6752336448598,182.41744548286604,88.29445093457944,59.28566978193147,267.0,181.0,86.775,58.825,135.6225,4.027984619140625,6.0,,,,,,,,,
0.0,11,90.22323340471092,216.0610278372591,29.322550856531052,70.21983404710922,82.0,200.0,26.650000000000002,65.0,197.3075,3.4419769287109374,9.0,,,,,,,,,
0.0,12,382.8451790633609,223.40055096418732,124.4246831955923,72.60517906336088,371.0,220.0,120.575,71.5,191.709375,3.18096923828125,15.0,,,,,,,,,
0.0,13,183.32043910088865,219.958180867747,59.57914270778881,71.48640878201778,182.0,223.0,59.15,72.47500000000001,202.06062500000002,3.7029747009277343,9.0,,,,,,,,,
0.0,14,240.25759493670887,221.74113924050633,78.08371835443039,72.06587025316456,240.0,224.0,78.0,72.8,166.88750000000002,3.0519729614257813,11.0,,,,,,,,,
0.0,15,41.531812725090035,276.56062424969986,13.497839135654262,89.88220288115245,47.0,275.0,15.275,89.375,175.97125000000003,3.7029747009277343,15.0,,,,,,,,,
0.0,16,313.22434256457996,322.86409122643704,101.79791133348849,104.93082964859204,311.0,319.0,101.075,103.675,453.870625,6.691976928710938,12.0,,,,,,,,,
0.0,17,173.93799002138275,328.5466856735567,56.5298467569494,106.77767284390592,188.0,333.0,61.1,108.22500000000001,148.191875,3.25,8.0,,,,,,,,,
0.0,18,411.56178923426836,388.49431387414705,133.75758150113722,126.2606520090978,421.0,410.0,136.82500000000002,133.25,139.319375,2.3379806518554687,10.0,,,,,,,,,
0.0,19,171.6406585540444,367.82247673586255,55.78321403006443,119.54230493915533,183.0,380.0,59.475,123.5,147.55812500000002,4.024959564208984,6.0,,,,,,,,,
0.0,20,68.50654205607476,375.1785046728972,22.2646261682243,121.9330140186916,66.0,375.0,21.45,121.875,113.01875,2.7299880981445312,7.0,,,,,,,,,
0.0,21,123.12090680100755,399.66918555835434,40.014294710327455,129.89248530646518,130.0,402.0,42.25,130.65,125.799375,3.8949615478515627,6.0,,,,,,,,,
0.0,22,12.311688311688311,426.43290043290045,4.001298701298701,138.59069264069265,0.0,435.0,0.0,141.375,73.198125,2.988982391357422,6.0,,,,,,,,,
0.0,23,227.7017744705209,442.0257584430452,74.00307670291929,143.6583714939897,228.0,449.0,74.10000000000001,145.925,184.526875,3.765965270996094,12.0,,,,,,,,,
0.0,24,377.716694772344,439.2192242833052,122.75792580101181,142.7462478920742,379.0,443.0,123.175,143.975,62.635625,3.052984619140625,4.0,,,,,,,,,
0.0,25,495.1573373676248,448.86838124054464,160.92613464447805,145.88222390317702,509.0,450.0,165.425,146.25,69.81812500000001,2.402984619140625,8.0,,,,,,,,,
0.0,26,54.01724137931034,469.2453580901857,17.55560344827586,152.50474137931036,46.0,468.0,14.950000000000001,152.1,79.64125,3.5699615478515625,1.0,,,,,,,,,
0.0,27,166.06424581005587,489.9860335195531,53.97087988826816,159.24546089385476,146.0,511.0,47.45,166.07500000000002,151.25500000000002,4.48096923828125,6.0,,,,,,,,,
0.0,28,37.37474679270763,500.9594868332208,12.14679270762998,162.81183322079676,37.0,511.0,12.025,166.07500000000002,156.430625,6.754947662353516,4.0,,,,,,,,,
1.0,1,385.4106529209622,36.512027491408936,125.25846219931272,11.866408934707906,375.0,30.0,121.875,9.75,184.42125000000001,3.2479766845703124,10.0,,,,,,,,,
1.0,2,139.7145145786607,73.82537648189682,45.40721723806473,23.993247356616468,133.0,82.0,43.225,26.650000000000002,329.65562500000004,4.1559692382812505,18.0,,,,,,,,,
1.0,3,411.8024316109422,92.54154002026343,133.83579027355623,30.076000506585615,414.0,88.0,134.55,28.6,208.50375000000003,4.4169769287109375,12.0,,,,,,,,,
1.0,4,268.1831839746969,114.16868740115973,87.1595347917765,37.10482340537691,277.0,111.0,90.025,36.075,400.74125,6.887960815429688,16.0,,,,,,,,,
1.0,5,330.5375,164.43645833333332,107.4246875,53.44184895833333,332.0,145.0,107.9,47.125,304.2,3.1169769287109377,18.0,,,,,,,,,
1.0,6,211.50041631973355,152.07535387177353,68.73763530391341,49.4244900083264,217.0,146.0,70.525,47.45,253.71125,3.4419769287109374,17.0,,,,,,,,,
1.0,7,30.80568445475638,168.38863109048725,10.011847447795825,54.72630510440836,29.0,159.0,9.425,51.675000000000004,182.09750000000003,4.288992309570313,8.0,,,,,,,,,
1.0,8,425.272324471711,175.51874573960464,138.21350545330608,57.04359236537151,430.0,167.0,139.75,54.275,309.90375000000006,5.519961547851563,19.0,,,,,,,,,
1.0,9,481.6767275615568,166.55917394757745,156.54493645750597,54.131731532962675,493.0,163.0,160.225,52.975,132.981875,2.8559692382812503,11.0,,,,,,,,,
1.0,10,266.19741320626275,178.81211708645338,86.5141592920354,58.11393805309735,268.0,178.0,87.10000000000001,57.85,155.163125,4.157972717285157,8.0,,,,,,,,,
1.0,11,97.37268041237114,217.5855670103093,31.64612113402062,70.71530927835052,85.0,198.0,27.625,64.35000000000001,204.9125,3.310967254638672,6.0,,,,,,,,,
1.0,12,390.7872837774661,216.9237961664329,127.00586722767649,70.5002337540907,379.0,217.0,123.175,70.525,225.93187500000002,3.50596923828125,18.0,,,,,,,,,
1.0,13,175.5817593092283,218.20291419320023,57.064071775499194,70.91594711279008,187.0,222.0,60.775,72.15,195.723125,3.18096923828125,12.0,,,,,,,,,
1.0,14,253.66311659192826,217.28026905829597,82.44051289237669,70.6160874439462,262.0,216.0,85.15,70.2,188.43500000000003,3.052984619140625,9.0,,,,,,,,,
1.0,15,45.902948402948404,272.17199017199016,14.918458230958231,88.4558968058968,59.0,267.0,19.175,86.775,171.9575,3.7669769287109376,9.0,,,,,,,,,
1.0,16,315.1233127430794,319.2095630290551,102.4150766415008,103.74310798444291,310.0,315.0,100.75,102.375,461.68687500000004,6.238992309570313,14.0,,,,,,,,,
1.0,17,177.6485623003195,329.458785942492,57.735782747603835,107.0741054313099,179.0,348.0,58.175000000000004,113.10000000000001,165.303125,3.5699615478515625,8.0,,,,,,,,,
1.0,18,408.06227106227107,390.418315018315,132.6202380952381,126.88595238095239,412.0,404.0,133.9,131.3,144.178125,2.3379806518554687,7.0,,,,,,,,,
1.0,19,173.90883590462832,368.29733520336606,56.520371669004206,119.69663394109398,184.0,378.0,59.800000000000004,122.85000000000001,150.62125,3.575,11.0,,,,,,,,,
1.0,20,64.76691729323308,366.3796992481203,21.049248120300753,119.0734022556391,69.0,372.0,22.425,120.9,140.48125000000002,3.052984619140625,8.0,,,,,,,,,
1.0,21,122.48247758761207,396.12306438467806,39.806805215973924,128.73999592502037,128.0,396.0,41.6,128.70000000000002,129.601875,3.0519729614257813,9.0,,,,,,,,,
1.0,22,16.733188720173537,424.00976138828634,5.4382863340564,137.80317245119306,0.0,433.0,0.0,140.725,97.38625000000002,3.7029846191406253,8.0,,,,,,,,,
1.0,23,228.87905092592592,441.31018518518516,74.38569155092593,143.42581018518518,231.0,448.0,75.075,145.6,182.52,4.48096923828125,10.0,,,,,,,,,
1.0,24,380.45586107091174,438.8031837916064,123.64815484804632,142.6110347322721,380.0,440.0,123.5,143.0,72.98687500000001,3.18096923828125,2.0,,,,,,,,,
1.0,25,497.33098591549293,445.84154929577466,161.6325704225352,144.89850352112677,511.0,446.0,166.07500000000002,144.95000000000002,59.995,2.5969749450683595,6.0,,,,,,,,,
1.0,26,52.549549549549546,470.87129987129987,17.078603603603604,153.03317245817246,54.0,471.0,17.55,153.07500000000002,82.070625,3.961968994140625,1.0,,,,,,,,,
1.0,27,166.65295815295815,488.81962481962483,54.1622113997114,158.86637806637808,149.0,511.0,48.425000000000004,166.07500000000002,146.39625,4.608953857421875,8.0,,,,,,,,,
1.0,28,35.99440402909905,498.90934527140456,11.698181309457192,162.1455372132065,41.0,511.0,13.325000000000001,166.07500000000002,188.751875,7.98692855834961,3.0,,,,,,,,,
2.0,1,378.1759259259259,41.92483660130719,122.90717592592593,13.625571895424837,376.0,29.0,122.2,9.425,193.9275,3.1169769287109377,14.0,,,,,,,,,
2.0,2,136.53275690056535,82.93348852677087,44.37314599268374,26.953383771200535,134.0,85.0,43.550000000000004,27.625,317.614375,4.288992309570313,17.0,,,,,,,,,
2.0,3,411.3244529019981,88.48430066603235,133.68044719314938,28.757397716460517,414.0,89.0,134.55,28.925,222.02375,4.219961547851563,14.0,,,,,,,,,
2.0,4,263.7009433962264,106.8372641509434,85.7028066037736,34.722110849056605,271.0,112.0,88.075,36.4,447.85,5.716976928710937,16.0,,,,,,,,,
2.0,5,331.3541009463722,164.006309148265,107.69008280757097,53.30205047318612,316.0,188.0,102.7,61.1,267.865,4.219961547851563,14.0,,,,,,,,,
2.0,6,213.92486508924864,152.84350352843504,69.5255811540058,49.67413864674139,208.0,146.0,67.60000000000001,47.45,254.45062500000003,3.5699615478515625,17.0,,,,,,,,,
2.0,7,31.672169811320753,167.4681603773585,10.293455188679244,54.42715212264151,29.0,152.0,9.425,49.4,179.14000000000001,3.8949615478515627,11.0,,,,,,,,,
2.0,8,423.3295918367347,181.32142857142858,137.5821173469388,58.92946428571429,429.0,167.0,139.425,54.275,310.5375,5.327984619140625,14.0,,,,,,,,,
2.0,9,483.38565340909093,156.9637784090909,157.10033735795457,51.01322798295455,494.0,165.0,160.55,53.625,148.72,2.727984619140625,11.0,,,,,,,,,
2.0,10,269.729537366548,180.19359430604982,87.6620996441281,58.56291814946619,267.0,181.0,86.775,58.825,148.40312500000002,4.875,7.0,,,,,,,,,
2.0,11,87.8928258967629,202.4129483814523,28.565168416447943,65.784208223972,83.0,197.0,26.975,64.025,241.45875,4.6129707336425785,8.0,,,,,,,,,
2.0,12,391.96286231884056,219.8586956521739,127.38793025362318,71.45407608695652,377.0,215.0,122.525,69.875,233.22000000000003,3.0519729614257813,26.0,,,,,,,,,
2.0,13,184.40337506804573,217.9390310288514,59.93109689711486,70.83018508437671,182.0,222.0,59.15,72.15,194.033125,3.0519729614257813,16.0,,,,,,,,,
2.0,14,263.0263157894737,221.55075187969925,85.48355263157896,72.00399436090225,255.0,221.0,82.875,71.825,168.57750000000001,2.9250000000000003,9.0,,,,,,,,,
2.0,15,45.69641734758014,272.45443117536144,14.851335637963546,88.54769013199247,56.0,269.0,18.2,87.425,168.04937500000003,4.024959564208984,9.0,,,,,,,,,
2.0,16,313.32373113854595,318.34385002286234,101.83021262002744,103.46175125743027,309.0,313.0,100.425,101.72500000000001,462.00375,6.425930786132812,15.0,,,,,,,,,
2.0,17,184.2037422037422,333.0776160776161,59.866216216216216,108.25022522522524,191.0,333.0,62.075,108.22500000000001,152.416875,3.443980407714844,8.0,,,,,,,,,
2.0,18,413.9616858237548,393.89016602809704,134.5375478927203,128.01430395913155,411.0,403.0,133.57500000000002,130.975,165.40875000000003,2.533984375,12.0,,,,,,,,,
2.0,19,174.94401133947554,365.55067328136073,56.85680368532955,118.80396881644224,187.0,379.0,60.775,123.175,149.036875,3.9000000000000004,8.0,,,,,,,,,
2.0,20,72.77135231316726,369.1717081850534,23.650689501779357,119.98080516014235,69.0,372.0,22.425,120.9,118.72250000000001,2.9889923095703126,5.0,,,,,,,,,
2.0,21,123.63908045977011,392.3379310344828,40.18270114942529,127.50982758620691,128.0,395.0,41.6,128.375,137.84062500000002,3.2479766845703124,6.0,,,,,,,,,
2.0,22,15.951006124234471,429.7104111986002,5.184076990376203,139.65588363954507,0.0,432.0,0.0,140.4,120.729375,3.7029846191406253,12.0,,,,,,,,,
2.0,23,227.60021786492374,438.21132897603485,73.97007080610021,142.41868191721133,232.0,446.0,75.4,144.95000000000002,193.9275,3.506970977783203,7.0,,,,,,,,,
2.0,24,383.1904761904762,437.9075630252101,124.53690476190476,142.3199579831933,384.0,441.0,124.80000000000001,143.32500000000002,75.41625,3.377984619140625,5.0,,,,,,,,,
2.0,25,496.95588235294116,446.40257352941177,161.51066176470587,145.08083639705882,511.0,445.0,166.07500000000002,144.625,57.46000000000001,2.1419769287109376,2.0,,,,,,,,,
2.0,26,60.009630818619584,474.2022471910112,19.503130016051365,154.11573033707865,57.0,473.0,18.525000000000002,153.725,65.80437500000001,3.310967254638672,1.0,,,,,,,,,
2.0,27,164.08109875735775,489.6906474820144,53.32635709614127,159.1494604316547,164.0,488.0,53.300000000000004,158.6,161.500625,4.544961547851563,4.0,,,,,,,,,
2.0,28,36.774084507042254,499.12788732394364,11.951577464788732,162.21656338028168,16.0,511.0,5.2,166.07500000000002,187.484375,7.0119384765625,4.0,,,,,,,,,
,1,,,,,,,,,,,,0.0,1.0,2.5341362209137284,,1.7501785623187138,,12.0,10.0,9.0
,2,,,,,,,,,,,,0.0,1.0,2.3188608554506804,,0.65,,17.0,18.0,16.0
,3,,,,,,,,,,,,0.0,1.0,2.222349918926857,,2.055480479109447,,15.0,12.0,12.0
,4,,,,,,,,,,,,0.0,1.0,4.039634139402209,,4.59619407771256,,15.0,16.0,12.0
,5,,,,,,,,,,,,0.0,1.0,1.6500308746380024,,13.466927080815429,,20.0,18.0,18.0
,6,,,,,,,,,,,,0.0,1.0,2.6694338960498505,,4.336040820841059,,15.0,17.0,15.0
,7,,,,,,,,,,,,0.0,1.0,0.6129764641337468,,0.45961940777125593,,8.0,8.0,7.0
,8,,,,,,,,,,,,0.0,1.0,0.9619953825337204,,0.7267220926874317,,15.0,19.0,15.0
,9,,,,,,,,,,,,0.0,1.0,1.7539796022854763,,3.6336104634371584,,14.0,11.0,11.0
,10,,,,,,,,,,,,0.0,1.0,2.1312891818964315,,1.0277402395547235,,6.0,8.0,6.0
,11,,,,,,,,,,,,0.0,1.0,2.375810291081042,,1.1718041645257966,,9.0,6.0,6.0
,12,,,,,,,,,,,,0.0,1.0,3.3306614602065068,,2.7768012172281975,,15.0,18.0,15.0
,13,,,,,,,,,,,,0.0,1.0,2.5789548872568933,,1.657181341917655,,9.0,12.0,9.0
,14,,,,,,,,,,,,0.0,1.0,4.5916803939063335,,7.608054941967757,,11.0,9.0,8.0
,15,,,,,,,,,,,,0.0,1.0,2.0130841100792214,,4.687216658103186,,15.0,9.0,9.0
,16,,,,,,,,,,,,0.0,1.0,1.3384975789679654,,1.3400093283257397,,12.0,14.0,11.0
,17,,,,,,,,,,,,0.0,1.0,1.2418348893595854,,5.685178097474168,,8.0,8.0,8.0
,18,,,,,,,,,,,,0.0,1.0,1.2979023761376265,,3.51541249357739,,10.0,7.0,6.0
,19,,,,,,,,,,,,0.0,1.0,0.7531393134650733,,0.7267220926874317,,6.0,11.0,6.0
,20,,,,,,,,,,,,0.0,1.0,3.107172868503238,,1.3788582233137676,,7.0,8.0,7.0
,21,,,,,,,,,,,,0.0,1.0,1.1710182170274226,,2.055480479109447,,6.0,9.0,6.0
,22,,,,,,,,,,,,0.0,1.0,1.638634036497485,,0.65,,6.0,8.0,6.0
,23,,,,,,,,,,,,0.0,1.0,0.4477486842727875,,1.0277402395547235,,12.0,10.0,9.0
,24,,,,,,,,,,,,0.0,1.0,0.9004389789250872,,1.0277402395547235,,4.0,2.0,2.0
,25,,,,,,,,,,,,0.0,1.0,1.211097559480772,,1.4534441853748634,,8.0,6.0,6.0
,26,,,,,,,,,,,,0.0,1.0,0.711876574221076,,2.7768012172281975,,1.0,1.0,1.0
,27,,,,,,,,,,,,0.0,1.0,0.42463106028512376,,0.9750000000000001,,6.0,8.0,6.0
,28,,,,,,,,,,,,0.0,1.0,0.8032450163563366,,1.3,,4.0,3.0,3.0
,1,,,,,,,,,,,,1.0,2.0,2.9365288116712756,,0.45961940777125593,,10.0,14.0,10.0
,2,,,,,,,,,,,,1.0,2.0,3.1355559209604915,,1.0277402395547235,,18.0,17.0,15.0
,3,,,,,,,,,,,,1.0,2.0,1.3277216540962122,,0.325,,12.0,14.0,12.0
,4,,,,,,,,,,,,1.0,2.0,2.792736317622676,,1.9768978223469214,,16.0,16.0,15.0
,5,,,,,,,,,,,,1.0,2.0,0.29996380736705874,,14.9110906710408,,18.0,14.0,14.0
,6,,,,,,,,,,,,1.0,2.0,0.8265489128541047,,2.9250000000000003,,17.0,17.0,15.0
,7,,,,,,,,,,,,1.0,2.0,0.4108472054492526,,2.275,,8.0,11.0,8.0
,8,,,,,,,,,,,,1.0,2.0,1.9887593722719297,,0.325,,19.0,14.0,14.0
,9,,,,,,,,,,,,1.0,2.0,3.167575500541763,,0.7267220926874317,,11.0,11.0,9.0
,10,,,,,,,,,,,,1.0,2.0,1.2326192351647407,,1.0277402395547235,,8.0,7.0,7.0
,11,,,,,,,,,,,,1.0,2.0,5.814467065553936,,0.7267220926874317,,6.0,8.0,6.0
,12,,,,,,,,,,,,1.0,2.0,1.0275151345661395,,0.9192388155425119,,18.0,26.0,18.0
,13,,,,,,,,,,,,1.0,2.0,2.868307545137536,,1.625,,12.0,16.0,11.0
,14,,,,,,,,,,,,1.0,2.0,3.3446040818755662,,2.795755711788854,,9.0,9.0,7.0
,15,,,,,,,,,,,,1.0,2.0,0.11371656522264177,,1.1718041645257966,,9.0,9.0,8.0
,16,,,,,,,,,,,,1.0,2.0,0.6490204399318052,,0.7267220926874317,,14.0,15.0,13.0
,17,,,,,,,,,,,,1.0,2.0,2.433516906418198,,6.243046131497027,,8.0,8.0,7.0
,18,,,,,,,,,,,,1.0,2.0,2.2246919210310208,,0.45961940777125593,,7.0,12.0,7.0
,19,,,,,,,,,,,,1.0,2.0,0.95395887038081,,1.0277402395547235,,11.0,8.0,8.0
,20,,,,,,,,,,,,1.0,2.0,2.755154676668856,,0.0,,8.0,5.0,5.0
,21,,,,,,,,,,,,1.0,2.0,1.2863171827369626,,0.325,,9.0,6.0,6.0
,22,,,,,,,,,,,,1.0,2.0,1.8700698216534588,,0.325,,8.0,12.0,8.0
,23,,,,,,,,,,,,1.0,2.0,1.0895173021487494,,0.7267220926874317,,10.0,7.0,7.0
,24,,,,,,,,,,,,1.0,2.0,0.9352016270503837,,1.3400093283257397,,2.0,5.0,2.0
,25,,,,,,,,,,,,1.0,2.0,0.2193330766195656,,0.325,,6.0,2.0,2.0
,26,,,,,,,,,,,,1.0,2.0,2.6552325483540398,,1.1718041645257966,,1.0,1.0,1.0
,27,,,,,,,,,,,,1.0,2.0,0.88248968397784,,8.92419464153489,,8.0,4.0,3.0
,28,,,,,,,,,,,,1.0,2.0,0.2631621704314672,,8.125,,3.0,4.0,2.0
