epoch,train_loss,validation_loss,background_dice,cell_dice,boundary_dice,mean_dice,background_iou,cell_iou,boundary_iou,mean_iou,learning_rate
1,4.276301860809326,4.245382308959961,0.0019066041568294168,0.19760073721408844,0.0015826362650841475,0.06702999025583267,0.000954211747739464,0.10963205248117447,0.0007919447962194681,0.03712606802582741,5e-05
2,4.058511734008789,3.9399666786193848,0.0018692631274461746,0.20388619601726532,0.0014701724285259843,0.06907521188259125,0.0009355059592053294,0.11351518332958221,0.0007356269634328783,0.038395438343286514,5e-05
3,3.7944257259368896,3.6591010093688965,0.0018322380492463708,0.21092404425144196,0.0013613159535452724,0.07137253135442734,0.0009169590775854886,0.11789552122354507,0.0006811216007918119,0.03983120247721672,5e-05
4,3.5107086896896362,3.4176888465881348,0.001868290244601667,0.21674390137195587,0.0017068730667233467,0.07343968749046326,0.000935018586460501,0.12154389917850494,0.0008541654678992927,0.04111102595925331,5e-05
5,3.362378239631653,3.1814613342285156,0.001904618227854371,0.22198835015296936,0.001589464140124619,0.07516080886125565,0.0009532168623991311,0.1248520240187645,0.0007953641470521688,0.042200203984975815,5e-05
6,2.9152427911758423,2.922713041305542,0.001985749928280711,0.22659935057163239,0.0012601672206074,0.07661508768796921,0.0009938617004081607,0.12777674198150635,0.0006304808775894344,0.043133694678545,5e-05
7,2.822506070137024,2.595784902572632,0.002141418866813183,0.2306249886751175,0.0012771391775459051,0.07801451534032822,0.0010718570556491613,0.13034263253211975,0.000638977624475956,0.04401782155036926,5e-05
8,2.4861671924591064,2.2690987586975098,0.002448363695293665,0.2344302088022232,0.0012990847462788224,0.07939255237579346,0.0012256823247298598,0.13277877867221832,0.0006499645533040166,0.044884804636240005,5e-05
9,2.0405163168907166,1.9425454139709473,0.00635908916592598,0.2394060343503952,0.0008443398983217776,0.08220315724611282,0.0031896864529699087,0.1359802633523941,0.0004223482683300972,0.04653076454997063,5e-05
10,1.86865234375,1.6640534400939941,0.006596136372536421,0.24470899999141693,0.000858843035530299,0.08405465632677078,0.0033089814241975546,0.13941220939159393,0.00042960597784258425,0.047716930508613586,5e-05
11,1.5381627678871155,1.497981071472168,0.007347468286752701,0.25007617473602295,0.0003750234318431467,0.0859328880906105,0.0036872802302241325,0.14290688931941986,0.0001875468879006803,0.04892723634839058,5e-05
12,1.4865046739578247,1.3983979225158691,0.008969338610768318,0.2554530203342438,0.00025461488985456526,0.08822565525770187,0.004504872485995293,0.14642943441867828,0.00012732365576084703,0.05035388097167015,5e-05
13,1.3293417692184448,1.3327529430389404,0.010494587011635303,0.26087942719459534,0.00038880249485373497,0.09058760851621628,0.005274972878396511,0.1500065177679062,0.00019443903875071555,0.05182531103491783,5e-05
14,1.2767542600631714,1.2757700681686401,0.010842139832675457,0.265259325504303,0.000522431917488575,0.09220796823501587,0.005450618453323841,0.15291006863117218,0.00026128420722670853,0.05287398770451546,5e-05
15,1.2525826692581177,1.2170146703720093,0.011150463484227657,0.2692180275917053,0.0006569007528014481,0.09367512911558151,0.005606489256024361,0.15554703772068024,0.0003285582934040576,0.05382736027240753,5e-05
16,1.1667882204055786,1.1583256721496582,0.01360117644071579,0.2726019620895386,0.000791295722592622,0.09566480666399002,0.006847152952104807,0.1578107327222824,0.0003958044690079987,0.055017899721860886,5e-05
17,1.1514082551002502,1.1068109273910522,0.03218485414981842,0.2765304148197174,0.000798403169028461,0.10317122936248779,0.01635562814772129,0.1604498326778412,0.0003993610152974725,0.05906827747821808,5e-05
18,1.0836660265922546,1.0602184534072876,0.7729332447052002,0.48252493143081665,0.0008075369987636805,0.4187552034854889,0.6299031376838684,0.3179788291454315,0.00040393159724771976,0.3160952925682068,5e-05
19,0.9782329201698303,1.021507740020752,0.930292010307312,0.6945821046829224,0.000951798225287348,0.5419419407844543,0.8696690797805786,0.5320764183998108,0.0004761256859637797,0.4674072265625,5e-05
20,1.0186309218406677,0.9821113348007202,0.9421982765197754,0.7417569756507874,0.0008217489812523127,0.5615922808647156,0.8907134532928467,0.5895180106163025,0.0004110433510504663,0.4935475289821625,5e-05
21,0.9472408592700958,0.9400255680084229,0.94676673412323,0.7652539610862732,0.0006795324734412134,0.570900022983551,0.8989145755767822,0.6197662949562073,0.000339881720719859,0.5063402056694031,5e-05
22,0.9150758981704712,0.8961559534072876,0.9500570297241211,0.7781930565834045,0.000527913449332118,0.5762593150138855,0.9048653244972229,0.6369198560714722,0.00026402639923617244,0.5140164494514465,5e-05
23,0.8936711847782135,0.8527308106422424,0.9546228647232056,0.7922168970108032,0.00038855071761645377,0.5824094414710999,0.9131851196289062,0.6559264659881592,0.00019431310647632927,0.5231019854545593,5e-05
24,0.8374891877174377,0.81040358543396,0.9560160636901855,0.7928490042686462,0.00038617494283244014,0.5830837488174438,0.9157383441925049,0.6567935347557068,0.00019312475342303514,0.5242416858673096,5e-05
25,0.7968805432319641,0.7723214626312256,0.9542787075042725,0.782332181930542,0.0,0.5788702964782715,0.9125555157661438,0.6424840688705444,0.0,0.5183465480804443,5e-05
26,0.8378346860408783,0.7418807148933411,0.9589353799819946,0.8086312413215637,0.0,0.5891888737678528,0.9211103320121765,0.6787413358688354,0.0,0.5332838892936707,5e-05
27,0.7316198348999023,0.7134583592414856,0.961222231388092,0.8297685384750366,0.00013925637176726013,0.5970433354377747,0.9253396391868591,0.7090636491775513,6.963303167140111e-05,0.5448243021965027,5e-05
28,0.701379656791687,0.687943696975708,0.9623845219612122,0.8456293344497681,0.00014618814748246223,0.6027200222015381,0.9274963140487671,0.732545793056488,7.309941429411992e-05,0.5533717274665833,5e-05
29,0.6886053085327148,0.6654775738716125,0.9628676772117615,0.8572850227355957,0.0001538579963380471,0.6067689061164856,0.9283941984176636,0.7502176761627197,7.693491352256387e-05,0.5595629215240479,5e-05
30,0.6719587743282318,0.6463669538497925,0.963197648525238,0.8642308115959167,0.00031645569833926857,0.6092483401298523,0.9290080070495605,0.7609211802482605,0.0001582528930157423,0.5633625388145447,5e-05
