epoch,train_loss,validation_loss,background_dice,interior_dice,boundary_dice,mean_dice,background_iou,interior_iou,boundary_iou,mean_iou,learning_rate
1,4.326679229736328,3.8795664310455322,0.0020330213010311127,0.12578359246253967,0.04209716245532036,0.056637927889823914,0.0010175448842346668,0.06711263209581375,0.021501149982213974,0.029877111315727234,0.0001
2,3.7195746898651123,3.369596481323242,0.002004781272262335,0.13689489662647247,0.0391770638525486,0.05935891345143318,0.0010033964645117521,0.07347674667835236,0.01997990906238556,0.03148668631911278,0.0001
3,3.222498297691345,2.8347229957580566,0.0021569011732935905,0.1450534164905548,0.032241981476545334,0.05981743335723877,0.0010796148562803864,0.07819816470146179,0.016385134309530258,0.031887635588645935,0.0001
4,2.671749234199524,2.2391560077667236,0.005776301957666874,0.1521780639886856,0.019500374794006348,0.059151578694581985,0.0028965165838599205,0.08235537260770798,0.009846189990639687,0.03169935941696167,0.0001
5,2.07623553276062,1.7121387720108032,0.009071245789527893,0.16024750471115112,0.009765507653355598,0.05969475209712982,0.004556288477033377,0.0871027484536171,0.004906712099909782,0.03218858316540718,0.0001
6,1.6251733899116516,1.4850263595581055,0.010547297075390816,0.16801251471042633,0.007089992985129356,0.061883267015218735,0.005301607772707939,0.09171051532030106,0.0035576082300394773,0.03352324292063713,0.0001
7,1.441091775894165,1.3637337684631348,0.01229218952357769,0.1741793155670166,0.004986574407666922,0.06381935626268387,0.006184102967381477,0.09539782255887985,0.002499519381672144,0.03469381481409073,0.0001
8,1.324055552482605,1.2603561878204346,0.043150268495082855,0.18143422901630402,0.004169924650341272,0.07625146955251694,0.02205088548362255,0.09976775199174881,0.0020893183536827564,0.04130265489220619,0.0001
9,1.2228382229804993,1.164783239364624,0.918672502040863,0.5600317716598511,0.0029146794695407152,0.4938729703426361,0.8495783805847168,0.38891956210136414,0.0014594666427001357,0.4133191406726837,0.0001
10,1.1334667801856995,1.0772939920425415,0.9483237862586975,0.6722192764282227,0.0025380710139870644,0.5410270094871521,0.9017259478569031,0.5062728524208069,0.001270647975616157,0.46975648403167725,0.0001
11,1.05040043592453,0.9937725067138672,0.9544236063957214,0.7174317836761475,0.002290179254487157,0.5580485463142395,0.91282057762146,0.5593712329864502,0.001146402326412499,0.49111273884773254,0.0001
12,0.96455118060112,0.9164319038391113,0.9574944376945496,0.7449159622192383,0.0018832391360774636,0.5680978894233704,0.9184550046920776,0.5935187935829163,0.0009425070602446795,0.5043054223060608,0.0001
13,0.8920804858207703,0.8526043891906738,0.9618970155715942,0.7734870314598083,0.0018778083613142371,0.5790872573852539,0.9265910983085632,0.6306390762329102,0.0009397865505889058,0.5193900465965271,0.0001
14,0.8373739123344421,0.802058756351471,0.9680442214012146,0.7991821765899658,0.0011644455371424556,0.5894636511802673,0.938067615032196,0.665531575679779,0.0005825620028190315,0.5347272753715515,0.0001
15,0.7888088822364807,0.7612904906272888,0.9730475544929504,0.8248735666275024,0.0008850116864778101,0.5996020436286926,0.9475098252296448,0.7019445300102234,0.00044270174112170935,0.5499656796455383,0.0001
16,0.749567985534668,0.7250229716300964,0.9747278690338135,0.841545045375824,0.001539744669571519,0.6059375405311584,0.9507015943527222,0.7264374494552612,0.0007704654708504677,0.5593031644821167,0.0001
17,0.7143819630146027,0.6913220286369324,0.9744493961334229,0.8638813495635986,0.0038487971760332584,0.6140598654747009,0.9501718878746033,0.7603794932365417,0.0019281090935692191,0.5708264708518982,0.0001
18,0.6818835735321045,0.6622447371482849,0.972753643989563,0.8860157132148743,0.010547426529228687,0.6231055855751038,0.9469526410102844,0.7953574657440186,0.005301672499626875,0.5825372338294983,0.0001
19,0.6546761393547058,0.6387062668800354,0.9709171056747437,0.8944985866546631,0.019418949261307716,0.6282781958580017,0.9434780478477478,0.8091338276863098,0.009804672561585903,0.5874722003936768,0.0001
20,0.6336352527141571,0.6189562678337097,0.9698768854141235,0.8979774713516235,0.034888990223407745,0.6342477798461914,0.9415155649185181,0.8148449659347534,0.0177542082965374,0.5913715958595276,0.0001
21,0.6120849847793579,0.6012908816337585,0.9697639346122742,0.8997729420661926,0.0418454110622406,0.6371274590492249,0.9413026571273804,0.817806601524353,0.021369820460677147,0.5934930443763733,0.0001
22,0.5990048050880432,0.5850420594215393,0.9702820181846619,0.9010757207870483,0.04125424847006798,0.6375373005867004,0.9422793388366699,0.8199615478515625,0.02106156386435032,0.5944341421127319,0.0001
23,0.5825293660163879,0.5700294971466064,0.9703581929206848,0.9014567136764526,0.04058675840497017,0.6374672055244446,0.9424230456352234,0.8205928206443787,0.02071373164653778,0.5945765376091003,0.0001
24,0.566303551197052,0.55584317445755,0.9686176776885986,0.9015467166900635,0.05321170762181282,0.6411253809928894,0.9391450881958008,0.8207419514656067,0.027333073318004608,0.595740020275116,0.0001
25,0.5518094897270203,0.5419005155563354,0.969215452671051,0.9029954075813293,0.05536174774169922,0.6425241827964783,0.9402696490287781,0.823146402835846,0.028468918055295944,0.5972949862480164,0.0001
