frame,cell_id,area_px,area_um2,perimeter_px,perimeter_um,circularity,solidity,eccentricity,aspect_ratio,convex_hull_area_um2,centroid_x_px,centroid_y_px,soma_x_px,soma_y_px,skeleton_length_um,branch_points,endpoints,max_process_distance_um,process_length_to_area,sholl_max_intersections,sholl_critical_radius_um
0,1,1938,204.70125000000002,508.6589411497116,165.3141558736563,0.09412614472869714,0.35223555070883317,0.8666903935106477,2.004624946087796,581.1487500000001,389.66339963486115,41.696838666282304,373.0,35.0,116.00818715586475,13,12,34.483709922222694,0.5667194858647162,9,3.25
0,2,3249,343.175625,612.1980464458466,198.96436509490013,0.10893707159389446,0.47881512047748875,0.6278356409016345,1.2847757583168642,716.7184375,135.98059876233484,79.42169816580252,133.0,84.0,144.2178588646624,16,19,20.523949425001028,0.4202450534319341,11,9.75
0,3,2097,221.495625,441.83051466941833,143.59491726756096,0.13498853402976171,0.5612203934162987,0.35891242006161783,1.0713850560041962,394.6678125,417.0739771438541,97.08217744046061,416.0,94.0,108.85818715586473,14,18,15.278457055606108,0.49146879156581413,11,8.125
0,4,3699,390.706875,454.5168055295944,147.7179617971182,0.2250061061297458,0.7044372500476099,0.6543021712172075,1.3223434068324451,554.636875,256.1916254998824,117.31211479651846,263.0,113.0,153.7121499812313,19,15,18.48790144932626,0.3934206429851824,22,8.125
0,5,2922,308.63625,548.3990557193756,178.22969310879708,0.12209466258085346,0.5504379768296129,0.8798150995346208,2.103863112338457,560.7103125,333.31774644535665,169.01433755726097,338.0,186.0,162.1661128065978,21,20,25.495416254691744,0.5254279521818898,13,9.75
0,6,2300,242.9375,472.75944685935974,153.64682022929193,0.12931749054040872,0.6024096385542169,0.4205321640763901,1.1021984520269805,403.27625000000006,210.56249100071992,160.5007199424046,204.0,149.0,123.24661248592345,14,16,16.13912172331568,0.5073181887766337,13,8.125
0,7,1691,178.61187500000003,297.46298360824585,96.67546967267991,0.24015277661668635,0.7591470258136925,0.9530930914797232,3.3038484873361846,235.2796875,29.595124028531885,169.39433620781432,30.0,158.0,69.70607499061553,7,9,22.066518755798345,0.39026562478343346,8,3.25
0,8,2870,303.14375,409.9310199022293,133.22758146822454,0.21462000201753118,0.7413147358904817,0.6070776324457728,1.258427486660942,408.9271875,422.17191746973066,174.8167160859896,428.0,168.0,112.59090360249228,13,16,14.971180648165328,0.37141093491946403,10,6.5
0,9,1316,139.0025,326.87719678878784,106.23508895635605,0.15477346428101743,0.5859305431878896,0.6824705766439929,1.3681517606914242,237.23375000000001,480.17665834027196,171.51554260338605,483.0,168.0,103.04085130146593,15,14,11.499673908420187,0.741287755986158,13,4.875
0,10,1284,135.6225,228.55129635334015,74.27917131483555,0.30889260397173446,0.7838827838827839,0.6549135579689626,1.3232697804730709,173.01375000000002,271.5440742302826,182.47110923660904,267.0,181.0,48.790589796334054,6,8,10.174109297624044,0.3597529156027507,9,3.25
0,11,1868,197.3075,399.3452328443527,129.78720067441463,0.14719387107811255,0.44202555608140087,0.6492935361493415,1.314858857544855,446.37125000000003,90.39657366617719,216.0148800783162,82.0,200.0,83.06770196158323,7,10,19.14192061941539,0.4210063072188499,8,8.125
0,12,1815,191.709375,490.357425570488,159.3661633104086,0.09485516434411331,0.5762819495157961,0.8766967088481951,2.0788139352954143,332.66593750000004,383.10653877887785,224.1155115511551,371.0,220.0,108.15242597140725,13,15,17.105006577022998,0.5641478199561564,10,6.5
0,13,1913,202.06062500000002,413.34523248672485,134.33720055818557,0.14070157805635816,0.45342498222327565,0.7452550645036643,1.4997461895308999,445.631875,183.1527660769447,219.86033885612653,182.0,223.0,110.60823945689107,12,9,15.871850081197215,0.5474012537419948,14,6.5
0,14,1580,166.88750000000002,312.7766914367676,101.65242471694947,0.2029542678058052,0.6483381206401313,0.846092752262256,1.8760469610431683,257.408125,239.6743528879846,221.60291624279418,240.0,224.0,85.35226906832813,13,11,12.691655723348314,0.5114359617606359,11,6.5
0,15,1666,175.97125000000003,390.37467110157013,126.8717681080103,0.13737939466728655,0.6214099216710183,0.7693226970207517,1.5652872332981278,283.180625,41.97348359297315,276.58369240967846,47.0,275.0,104.93509011700843,16,15,15.136070328853524,0.5963195130852819,13,6.5
0,16,4297,453.870625,436.9015818834305,141.9930141121149,0.2828837388432473,0.7756317689530686,0.8389481679867566,1.8375214651514842,585.1625,313.38457207207205,322.90958815958817,311.0,319.0,208.0587624671548,26,16,19.32588937151406,0.4584098441426007,14,9.75
0,17,1403,148.191875,295.07820761203766,95.90041747391224,0.20248518888173525,0.5955008488964346,0.7946430203657818,1.6472375310674818,248.85250000000002,174.0306708431219,328.83072304881233,188.0,333.0,63.06188847609935,7,9,16.60365170677824,0.42554214578970234,6,6.5
0,18,1319,139.319375,425.73000955581665,138.3622531056404,0.09145050973561039,0.3302453680520781,0.8072630910931974,1.6943645857697982,421.86625,411.9514010507881,389.43228254524223,421.0,410.0,78.61569439838682,8,11,28.461168721610857,0.5642840014060271,5,8.125
0,19,1397,147.55812500000002,298.9777020215988,97.16775315701962,0.19639420597625143,0.513980868285504,0.7663154584320558,1.5565062643736438,287.08875,172.10634107916502,368.2122883024813,183.0,380.0,63.47531380615803,5,8,19.56759119053748,0.43017159377809944,8,1.625
0,20,1070,113.01875,262.9777021408081,85.46775319576264,0.19442664817269484,0.4865848112778536,0.6693641640189766,1.3460137470424458,232.26937500000003,68.75984730175256,375.06003817456184,66.0,375.0,53.00602268958914,4,8,11.28176072251136,0.469002025677944,6,1.625
0,21,1191,125.799375,221.62236404418945,72.02726831436158,0.30471543899138587,0.7434456928838952,0.8910690674466234,2.2032850810744593,169.21125,123.43649346703128,399.80006077180184,130.0,402.0,40.96749275747774,5,7,13.466927080815429,0.32565736322201716,6,4.875
0,22,693,73.198125,218.30865573883057,70.95031311511994,0.18272635361673512,0.6206896551724138,0.8423164042943956,1.855344807197636,117.93031250000001,12.076388888888888,426.4622222222222,0.0,435.0,44.4078733497065,5,6,13.340844238652966,0.6066804764426206,5,3.25
0,23,1747,184.526875,366.09039998054504,118.97937999367714,0.1638045979133791,0.600446812167039,0.6746475546805875,1.354756528660978,307.3159375,227.77659240665201,442.140152703692,228.0,449.0,88.23503781598204,9,12,14.065405255448562,0.4781690353558637,8,4.875
0,24,593,62.635625,125.05382251739502,40.64249231815338,0.47650845905462397,0.9025875190258752,0.822656058686148,1.7588931607091411,69.39562500000001,377.81880024737166,439.36425479282616,379.0,443.0,26.250104602052645,4,6,7.000714249274855,0.41909224346452434,5,3.25
0,25,661,69.81812500000001,247.72286915779114,80.50993247628212,0.135356501451718,0.5378356387306753,0.5211577166126083,1.1717005425167681,129.813125,495.71855203619907,449.1411764705882,509.0,450.0,52.3098286118766,5,9,12.233994646067162,0.7492299257803986,6,4.875
0,26,754,79.64125,124.46803605556488,40.45211171805859,0.6115972667901324,0.9562460367786937,0.8558279885083748,1.9332617615010361,83.2853125,53.942184154175585,469.2298358315489,46.0,468.0,12.015432893255072,1,3,8.829000509683981,0.15086946642920687,3,1.625
0,27,1432,151.25500000000002,244.6934311389923,79.52536512017251,0.30054413720042855,0.8413631022326674,0.96933920849403,4.069565615908162,179.77375,166.0511855476101,490.0387655250282,146.0,511.0,52.27716446627537,5,7,24.57137562286654,0.3456227196871202,5,3.25
0,28,1481,156.430625,215.0538227558136,69.89249239563942,0.40241169030788554,0.9019488428745432,0.8322129568444759,1.8035692186575099,173.43625,37.452725518572116,500.99927641099856,37.0,511.0,44.78863453416399,6,6,12.975602105490136,0.28631627939966353,6,3.25
1,1,1746,184.42125000000001,429.64674854278564,139.63519327640535,0.11885871873504081,0.45563674321503134,0.7764422611716039,1.586827059296373,404.75500000000005,385.27653213751864,36.505551996583385,375.0,30.0,90.89079900043951,11,10,22.528384873310383,0.49284341690797295,8,4.875
1,2,3121,329.65562500000004,606.0975397825241,196.98170042932034,0.10676246447392217,0.5368077055383557,0.8028596474505754,1.6773792892680002,614.10375,139.97332175925925,73.97280092592592,133.0,82.0,151.1217170879762,17,18,23.205091036235995,0.4584229894089512,12,9.75
1,3,1974,208.50375000000003,333.11983704566956,108.2639470398426,0.22354039890447897,0.7590847913862718,0.48301320562008326,1.1420569628590787,274.6778125,411.8403617154624,92.61061867669441,414.0,88.0,129.8620976802049,16,13,12.41823256345282,0.6228285950742127,16,4.875
1,4,3794,400.74125,481.83051347732544,156.59491688013077,0.20536129357406038,0.6372721928277484,0.728790019730618,1.4604141866451967,628.8384375,268.47387938626986,114.15074398553747,277.0,111.0,143.46029932111392,16,16,22.337692360671458,0.3579873529892766,16,11.375
1,5,2880,304.2,590.5828211307526,191.9394168674946,0.10376257282277643,0.5531547104580813,0.9478906071043062,3.1387715797039295,549.9365625,330.60922684172135,164.96559688791635,332.0,145.0,164.3718216900289,22,18,29.710404322391845,0.5403412941815545,10,11.375
1,6,2402,253.71125,563.0853476524353,183.00273798704148,0.09519944447864284,0.5367597765363128,0.3635291757189237,1.0734418728134851,472.671875,211.679012345679,152.15382255961964,217.0,146.0,129.97362004911986,21,19,16.853059811203426,0.5122895419462868,16,9.75
1,7,1724,182.09750000000003,337.2619730234146,109.61014123260975,0.19046376841189097,0.6267951281585167,0.9557340509322595,3.398679495433206,290.5215625,30.682895984824533,167.7395932131942,29.0,159.0,68.9079256507329,7,9,24.314257648548516,0.3784122552519002,8,3.25
1,8,2934,309.90375000000006,474.80107629299164,154.3103497952223,0.1635485070463956,0.6820083682008368,0.7062626057308848,1.4125292331172281,454.39875000000006,425.30220682108336,175.25454434920056,430.0,167.0,152.85263517551275,20,21,17.978111691721132,0.49322615546121246,16,8.125
1,9,1259,132.981875,364.3330407142639,118.40823823213577,0.11918963156175674,0.5072522159548751,0.4774847281060895,1.1381224905101361,262.16125,481.8615384615385,166.44027149321266,493.0,163.0,83.471560184897,9,11,15.261163946436065,0.627691256307651,8,3.25
1,10,1469,155.163125,222.65180134773254,72.36183543801307,0.37237390024445,0.7988036976617727,0.584135391526069,1.2320486881750026,194.24437500000002,266.0347373517308,178.86383442265796,268.0,178.0,66.836836175073,10,9,8.580246208588656,0.43075206286978945,10,3.25
1,11,1940,204.9125,394.0731542110443,128.0737751185894,0.15698490476142976,0.44327659088312577,0.7407030813253729,1.4884661857321901,462.2678125,97.6592613423322,217.64970003749528,85.0,198.0,69.18112729164187,5,7,21.99460161039522,0.33761301673466415,6,3.25
1,12,2139,225.93187500000002,483.28635823726654,157.06806642711163,0.11508310628264107,0.5323544051767048,0.8506041600551003,1.9018400149833607,424.40125000000006,390.5963255932636,217.11354937484052,379.0,217.0,164.60839635997024,26,19,20.35340880540653,0.7285753564430438,11,4.875
1,13,1853,195.723125,372.1909053325653,120.96204423308373,0.16809460303280283,0.5999676218228913,0.8814579482289089,2.1174663726009357,326.22281250000003,176.26120969280672,218.19328372448004,187.0,222.0,105.48313485483835,13,12,18.70938935401153,0.538940581777643,14,6.5
1,14,1784,188.43500000000003,347.0193325281143,112.78128307163716,0.18616471672725485,0.5635760543358079,0.7293188857017442,1.4616166444308767,334.35593750000004,254.72147846332945,217.80849825378348,262.0,216.0,91.10427663152458,10,9,16.94992625352689,0.48347852910300404,10,3.25
1,15,1628,171.9575,316.8771970272064,102.98508903384209,0.2037428087526745,0.6876451953537487,0.7464010451143918,1.5026376939019028,250.06718750000002,46.01786105632259,271.7465483234714,59.0,267.0,86.80041840821077,10,10,15.6270598642227,0.5047783225983791,10,3.25
1,16,4371,461.68687500000004,476.8427070379257,154.97387978732587,0.24156854355707347,0.7954504094631483,0.8714728577387895,2.038969868524776,580.4093750000001,315.4211186945948,319.51235584843494,310.0,315.0,251.1013075256591,36,17,19.78500063179175,0.5438779422214658,20,8.125
1,17,1565,165.303125,306.39191603660583,99.5773727118969,0.20949304092610782,0.6057673698471067,0.7686125683429466,1.5631971830623805,272.88218750000004,177.91410971641096,329.7169920966992,179.0,348.0,68.15993321392929,7,10,18.459313367511804,0.41233299862860606,6,8.125
1,18,1365,144.178125,446.6589410305023,145.16415583491326,0.08597861630477699,0.35344381149663384,0.48825949787622014,1.145871118168844,407.92375000000004,408.21217268223637,390.8874734607219,412.0,404.0,75.7464555828443,7,7,23.132147544056522,0.5253671843966919,8,13.0
1,19,1426,150.62125,366.7178165912628,119.18329039216042,0.13324943282427268,0.3956714761376249,0.603624148773508,1.254281776236758,380.6725,174.2933857236411,368.6144073346431,184.0,378.0,81.76770196158323,7,12,19.78500063179175,0.5428696280344455,8,14.625
1,20,1330,140.48125000000002,327.1198378801346,106.31394731104375,0.15618802754831826,0.5163043478260869,0.7563853014509145,1.528756649276069,272.09000000000003,65.10835783284334,366.3218535629287,69.0,372.0,61.47911972844546,6,9,15.828534360451698,0.4376322087712449,8,6.5
1,21,1227,129.601875,271.5634880065918,88.25813360214234,0.20907960472485268,0.6165829145728643,0.7207708484806061,1.4426404383282196,210.19375,122.45302214242967,396.13943746259724,128.0,396.0,54.77520920410534,8,9,11.627553482998907,0.4226421045536983,8,8.125
1,22,922,97.38625000000002,309.0782073736191,100.4504173964262,0.12128414072432313,0.5420340975896532,0.7239320939378264,1.4495458669005699,179.66812500000003,16.497716894977167,423.70838522208385,0.0,433.0,82.5061272916419,10,10,16.7776823488824,0.8472050961161549,7,11.375
1,23,1728,182.52,338.4335459470749,109.99090243279934,0.18958623132290456,0.5967881194957693,0.7777964130114797,1.5910486320172095,305.8371875,228.97993486710786,441.51854186364113,231.0,448.0,80.79270196158323,8,10,16.903124711129596,0.44265122705228593,8,4.875
1,24,691,72.98687500000001,136.71067655086517,44.43096987903118,0.4646041089003232,0.8520345252774353,0.6646215374193705,1.3383652767752336,85.661875,380.57214323328066,438.8991574512901,380.0,440.0,26.44048519428139,3,3,8.228342785761907,0.3622635603220632,5,3.25
1,25,568,59.995,233.48022830486298,75.88107419908047,0.13093567189171523,0.49262792714657416,0.3983360280693097,1.0902277274244445,121.78562500000001,497.92417739628036,446.060443490701,511.0,446.0,44.67711216524903,4,6,12.691655723348314,0.7446805928035508,6,4.875
1,26,777,82.070625,129.0538226366043,41.9424923568964,0.5862584786346664,0.9551321450522434,0.573409411697213,1.220600359095508,85.9259375,52.53791030975496,470.875173370319,54.0,471.0,17.642388155425113,3,5,4.960909694803968,0.21496592910587817,5,3.25
1,27,1386,146.39625,234.20815014839172,76.11764879822731,0.31751853820776477,0.8196333530455352,0.9573731237695361,3.461955136861659,178.61187500000003,166.66174757281553,488.8507443365695,149.0,511.0,66.4369407771257,11,10,24.218497579329732,0.45381586466269247,7,9.75
1,28,1787,188.751875,224.46803629398346,72.95211179554462,0.44568231572640565,0.9180580529154894,0.7627044947496378,1.5461993558220826,205.59906250000003,35.919057478063685,498.869663807552,41.0,511.0,53.396350980791546,6,6,14.125353977865474,0.2828917645495789,10,9.75
2,1,1836,193.9275,497.2447279691696,161.60453658998014,0.09331300307014583,0.43865726914347153,0.5963582552681311,1.2457668825085628,442.09343750000005,377.5636681043335,42.010782501540355,376.0,29.0,108.94661248592341,12,14,18.754499460129562,0.5617904241839007,9,9.75
2,2,3007,317.614375,577.712763428688,187.7566481143236,0.11321901365402404,0.5551043012737678,0.6240338069501419,1.2797586386069282,572.1706250000001,136.97304143296543,83.1660937217297,134.0,85.0,131.32938123357735,16,17,17.68191166135608,0.413486893449257,15,11.375
2,3,2102,222.02375,395.16146755218506,128.42747695446016,0.16915833290426927,0.6399756431724768,0.46061977849305463,1.1266367221887195,346.9253125,411.2418820410868,87.769549370444,414.0,89.0,127.39671708797617,18,14,13.261433746017058,0.5737976999666755,19,8.125
2,4,4240,447.85,580.6833263635635,188.72208106815816,0.15801452453469875,0.6518063028439662,0.5419819607344836,1.1899235556042789,687.090625,263.66166479096324,106.78779542328373,271.0,112.0,154.16220228225762,17,16,19.56759119053748,0.3442273133465616,14,9.75
2,5,2536,267.865,493.28635799884796,160.31806634962558,0.130966705569643,0.5426920607746629,0.8553243771466277,1.9301559245804722,493.58562500000005,331.00443776393956,164.79958485434113,316.0,188.0,109.93514241803479,13,14,28.488989101054468,0.4104124929275373,8,8.125
2,6,2409,254.45062500000003,514.6000658273697,167.24502139389514,0.1143159919436638,0.591238188734814,0.40073892371601366,1.0914739288560351,430.36906250000004,214.39771717585947,153.8835349600164,208.0,146.0,136.30633649574742,21,17,14.534441853748634,0.5356887470633935,18,8.125
2,7,1696,179.14000000000001,313.56348860263824,101.90813379585744,0.21676279221378267,0.6535645472061657,0.9440480913422672,3.0320687537086433,274.096875,31.507682458386682,166.80911224925308,29.0,152.0,74.82721676730179,10,11,24.923495441049198,0.4177024492983241,10,6.5
2,8,2940,310.5375,389.16146779060364,126.4774770319462,0.24394814999840736,0.7220039292730844,0.5976046986976884,1.2472079915925502,430.105,423.32462686567163,181.21961620469082,429.0,167.0,138.03329175791748,15,17,19.448473590490337,0.4444979809456747,12,6.5
2,9,1408,148.72,360.1909056901932,117.06204434931279,0.13637885258816682,0.44124099028517705,0.7608587400615814,1.5410278404666984,337.04937500000005,482.55016808895783,157.22640289630203,494.0,165.0,90.66379143724312,10,11,15.6270598642227,0.6096274303203545,11,6.5
2,10,1405,148.40312500000002,223.86500489711761,72.75612659156323,0.3523009143682485,0.8152016246011025,0.763519135905613,1.5485024966886813,182.0446875,269.68714231209464,180.2295561490525,267.0,181.0,60.14645558284424,7,10,10.586223358686516,0.40529103132325706,8,3.25
2,11,2286,241.45875,406.27416491508484,132.03910359740257,0.17403944010866507,0.539214530015332,0.6553035766567207,1.3238622083059866,447.79718750000006,87.91678486997635,202.12789598108748,83.0,197.0,79.460037815982,6,8,17.708772543572863,0.3290832815790772,10,6.5
2,12,2208,233.22000000000003,654.8670916557312,212.83180478811263,0.06469974953099258,0.4519033974621367,0.9220641710752124,2.5837320886270247,516.08375,391.63540596094555,220.13994518670776,377.0,215.0,168.66611280659782,24,26,29.596420814010603,0.723206040676605,10,9.75
2,13,1837,194.033125,463.8305140733719,150.74491707384587,0.10730016452539118,0.5947871134855107,0.8231678946159554,1.7611895864882712,326.22281250000003,184.43196347031963,217.89345509893454,182.0,222.0,106.67161248592339,15,17,14.953532191425543,0.5497598025384758,11,4.875
2,14,1596,168.57750000000001,356.0904005765915,115.72938018739224,0.15816930948594637,0.5965240142029528,0.7302265458374669,1.4636893344556832,282.5996875,262.9396561670705,221.6895119418484,255.0,221.0,69.53879143724306,8,10,12.712444690145164,0.4125033971748487,7,6.5
2,15,1591,168.04937500000003,283.2203427553177,92.04661139547825,0.24924769779841063,0.7008810572687225,0.7426543077715846,1.4932617008537974,239.76875,45.806477093206944,272.2569397427217,56.0,269.0,79.12150788387065,9,9,16.25,0.4708229821376642,13,6.5
2,16,4374,462.00375,427.48736810684204,138.93339463472367,0.3007752318868524,0.8217942696101456,0.8328632399740654,1.806753813055524,562.1890625,313.6366419404215,318.34710938419875,309.0,313.0,244.7972923992663,29,16,19.39136405722919,0.5298599684510489,26,11.375
2,17,1443,152.416875,266.69343173503876,86.6753653138876,0.2549479683841982,0.6330335599912261,0.75892482882043,1.5356778435070135,240.7721875,184.4779661016949,333.35593220338984,191.0,333.0,53.015589796334055,4,8,15.122107161371394,0.34783280917112397,9,3.25
2,18,1566,165.40875000000003,514.2152901887894,167.11996931135656,0.07442376716482767,0.36933962264150944,0.9242195695058846,2.618750675759922,447.85,414.02748885586925,394.8140168400198,411.0,403.0,94.0061795926683,9,12,26.129676614914313,0.5683265219806588,9,8.125
2,19,1411,149.036875,339.26197242736816,110.26014103889466,0.15405170608834454,0.4657534246575342,0.7346571720893771,1.4739728880772573,319.99093750000003,175.3316239316239,365.90466798159105,187.0,379.0,69.88688847609937,7,10,20.464679938860517,0.46892346928301715,9,16.25
2,20,1124,118.72250000000001,265.4213534593582,86.26193987429143,0.2004954200393282,0.5276995305164319,0.791294293692719,1.6354955510054352,224.98125000000002,73.20438076416337,369.18165349143607,69.0,372.0,49.27330624296159,3,5,14.099157776264512,0.415029217233141,5,4.875
2,21,1305,137.84062500000002,279.4213533401489,90.8119398355484,0.21003960464974983,0.6561085972850679,0.736689379151993,1.4787839805971006,210.08812500000002,123.53021360314781,392.56773468240584,128.0,395.0,53.30792565073288,5,7,10.900831390311474,0.3867359543003586,9,6.5
2,22,1143,120.729375,374.4335459470749,121.69090243279935,0.10244873325935262,0.5382623028019778,0.7468409352570845,1.5037532481175289,224.2946875,15.713005242685607,429.5420260443091,0.0,432.0,83.32341084501437,13,13,13.340844238652966,0.6901668367372428,11,11.375
2,23,1836,193.9275,365.60511898994446,118.82166367173195,0.17260684135946439,0.4866154253909356,0.41998976728853304,1.1018933569490859,398.52312500000005,227.66408499652465,438.34941912421806,232.0,446.0,69.60808255381194,4,8,17.030744258546076,0.358938688704861,7,3.25
2,24,714,75.41625,149.4385985136032,48.567544516921046,0.4017746245383678,0.7915742793791575,0.7734205033523808,1.5775525447904024,95.27375000000002,383.1349145626116,438.1196123437898,384.0,441.0,42.91749275747776,6,6,9.152083096213671,0.5690748712310378,8,3.25
2,25,544,57.46000000000001,174.50966620445251,56.71564151644707,0.2244759344330746,0.4974851394604481,0.7402500467821156,1.487361151541083,115.5009375,496.37276550998945,446.6756046267087,511.0,445.0,38.2655374953077,2,2,10.405076885828379,0.6659508787905968,5,6.5
2,26,623,65.80437500000001,113.25483310222626,36.807820758223535,0.610357691629916,0.9333333333333333,0.8562689008332297,1.935994781048441,70.5046875,59.88111888111888,474.18764568764567,57.0,473.0,14.369291116568839,1,3,6.894291116568839,0.2183637655789427,3,1.625
2,27,1529,161.500625,249.86500418186188,81.20612635910511,0.30775596712215086,0.7576808721506442,0.902117163455602,2.3175445679644016,213.15125,164.05943605943605,489.7252837252837,164.0,488.0,71.47922433049817,10,8,13.884006086140987,0.44259410346243655,9,4.875
2,28,1775,187.484375,252.36753058433533,82.01944743990899,0.3502202591695677,0.8631169462679309,0.8940175276207506,2.2319835004570145,217.21781250000004,36.63549809581078,499.2198837442373,16.0,511.0,71.28488091290296,10,8,20.580482258683833,0.3802177163451779,7,6.5
