frame,cell_id,radius_px,radius_um,intersections
0,1,5.0,1.625,3
0,1,10.0,3.25,9
0,1,15.0,4.875,9
0,1,20.0,6.5,6
0,1,25.0,8.125,8
0,1,30.0,9.75,4
0,1,35.0,11.375,5
0,1,40.0,13.0,1
0,1,45.0,14.625,1
0,1,50.0,16.25,1
0,1,55.0,17.875,2
0,1,60.0,19.5,1
0,1,65.0,21.125,1
0,1,70.0,22.75,1
0,1,75.0,24.375,1
0,1,80.0,26.0,1
0,1,85.0,27.625,1
0,1,90.0,29.25,1
0,1,95.0,30.875,1
0,1,100.0,32.5,1
0,1,105.0,34.125,1
0,2,5.0,1.625,7
0,2,10.0,3.25,6
0,2,15.0,4.875,9
0,2,20.0,6.5,7
0,2,25.0,8.125,9
0,2,30.0,9.75,11
0,2,35.0,11.375,9
0,2,40.0,13.0,9
0,2,45.0,14.625,10
0,2,50.0,16.25,6
0,2,55.0,17.875,2
0,2,60.0,19.5,2
0,3,5.0,1.625,8
0,3,10.0,3.25,9
0,3,15.0,4.875,7
0,3,20.0,6.5,10
0,3,25.0,8.125,11
0,3,30.0,9.75,10
0,3,35.0,11.375,7
0,3,40.0,13.0,2
0,3,45.0,14.625,4
0,4,5.0,1.625,5
0,4,10.0,3.25,9
0,4,15.0,4.875,6
0,4,20.0,6.5,7
0,4,25.0,8.125,22
0,4,30.0,9.75,12
0,4,35.0,11.375,14
0,4,40.0,13.0,7
0,4,45.0,14.625,4
0,4,50.0,16.25,4
0,4,55.0,17.875,2
0,5,5.0,1.625,6
0,5,10.0,3.25,7
0,5,15.0,4.875,8
0,5,20.0,6.5,6
0,5,25.0,8.125,9
0,5,30.0,9.75,13
0,5,35.0,11.375,11
0,5,40.0,13.0,3
0,5,45.0,14.625,7
0,5,50.0,16.25,9
0,5,55.0,17.875,4
0,5,60.0,19.5,4
0,5,65.0,21.125,4
0,5,70.0,22.75,2
0,5,75.0,24.375,2
0,6,5.0,1.625,5
0,6,10.0,3.25,7
0,6,15.0,4.875,7
0,6,20.0,6.5,11
0,6,25.0,8.125,13
0,6,30.0,9.75,9
0,6,35.0,11.375,9
0,6,40.0,13.0,6
0,6,45.0,14.625,7
0,6,50.0,16.25,1
0,7,5.0,1.625,5
0,7,10.0,3.25,8
0,7,15.0,4.875,5
0,7,20.0,6.5,4
0,7,25.0,8.125,7
0,7,30.0,9.75,4
0,7,35.0,11.375,1
0,7,40.0,13.0,2
0,7,45.0,14.625,3
0,7,50.0,16.25,1
0,7,55.0,17.875,1
0,7,60.0,19.5,1
0,7,65.0,21.125,1
0,8,5.0,1.625,3
0,8,10.0,3.25,4
0,8,15.0,4.875,9
0,8,20.0,6.5,10
0,8,25.0,8.125,10
0,8,30.0,9.75,10
0,8,35.0,11.375,9
0,8,40.0,13.0,7
0,8,45.0,14.625,1
0,9,5.0,1.625,6
0,9,10.0,3.25,11
0,9,15.0,4.875,13
0,9,20.0,6.5,6
0,9,25.0,8.125,10
0,9,30.0,9.75,8
0,9,35.0,11.375,1
0,10,5.0,1.625,4
0,10,10.0,3.25,9
0,10,15.0,4.875,6
0,10,20.0,6.5,5
0,10,25.0,8.125,2
0,10,30.0,9.75,2
0,11,5.0,1.625,3
0,11,10.0,3.25,7
0,11,15.0,4.875,5
0,11,20.0,6.5,6
0,11,25.0,8.125,8
0,11,30.0,9.75,2
0,11,35.0,11.375,4
0,11,40.0,13.0,4
0,11,45.0,14.625,3
0,11,50.0,16.25,2
0,11,55.0,17.875,3
0,12,5.0,1.625,5
0,12,10.0,3.25,4
0,12,15.0,4.875,5
0,12,20.0,6.5,10
0,12,25.0,8.125,10
0,12,30.0,9.75,10
0,12,35.0,11.375,6
0,12,40.0,13.0,3
0,12,45.0,14.625,1
0,12,50.0,16.25,1
0,13,5.0,1.625,6
0,13,10.0,3.25,9
0,13,15.0,4.875,11
0,13,20.0,6.5,14
0,13,25.0,8.125,7
0,13,30.0,9.75,7
0,13,35.0,11.375,6
0,13,40.0,13.0,2
0,13,45.0,14.625,2
0,14,5.0,1.625,4
0,14,10.0,3.25,9
0,14,15.0,4.875,8
0,14,20.0,6.5,11
0,14,25.0,8.125,9
0,14,30.0,9.75,5
0,14,35.0,11.375,3
0,14,40.0,13.0,1
0,15,5.0,1.625,7
0,15,10.0,3.25,7
0,15,15.0,4.875,12
0,15,20.0,6.5,13
0,15,25.0,8.125,7
0,15,30.0,9.75,4
0,15,35.0,11.375,4
0,15,40.0,13.0,2
0,15,45.0,14.625,1
0,16,5.0,1.625,7
0,16,10.0,3.25,6
0,16,15.0,4.875,10
0,16,20.0,6.5,12
0,16,25.0,8.125,12
0,16,30.0,9.75,14
0,16,35.0,11.375,11
0,16,40.0,13.0,11
0,16,45.0,14.625,9
0,16,50.0,16.25,7
0,16,55.0,17.875,2
0,16,60.0,19.5,2
0,17,5.0,1.625,5
0,17,10.0,3.25,5
0,17,15.0,4.875,4
0,17,20.0,6.5,6
0,17,25.0,8.125,4
0,17,30.0,9.75,1
0,17,35.0,11.375,2
0,17,40.0,13.0,4
0,17,45.0,14.625,3
0,17,50.0,16.25,3
0,18,5.0,1.625,3
0,18,10.0,3.25,4
0,18,15.0,4.875,4
0,18,20.0,6.5,3
0,18,25.0,8.125,5
0,18,30.0,9.75,1
0,18,35.0,11.375,1
0,18,40.0,13.0,3
0,18,45.0,14.625,5
0,18,50.0,16.25,4
0,18,55.0,17.875,2
0,18,60.0,19.5,1
0,18,65.0,21.125,1
0,18,70.0,22.75,1
0,18,75.0,24.375,3
0,18,80.0,26.0,3
0,18,85.0,27.625,3
0,19,5.0,1.625,8
0,19,10.0,3.25,6
0,19,15.0,4.875,5
0,19,20.0,6.5,2
0,19,25.0,8.125,2
0,19,30.0,9.75,1
0,19,35.0,11.375,1
0,19,40.0,13.0,3
0,19,45.0,14.625,3
0,19,50.0,16.25,4
0,19,55.0,17.875,1
0,19,60.0,19.5,1
0,20,5.0,1.625,6
0,20,10.0,3.25,4
0,20,15.0,4.875,3
0,20,20.0,6.5,6
0,20,25.0,8.125,5
0,20,30.0,9.75,4
0,20,35.0,11.375,2
0,21,5.0,1.625,3
0,21,10.0,3.25,5
0,21,15.0,4.875,6
0,21,20.0,6.5,3
0,21,25.0,8.125,1
0,21,30.0,9.75,1
0,21,35.0,11.375,2
0,21,40.0,13.0,2
0,22,5.0,1.625,3
0,22,10.0,3.25,5
0,22,15.0,4.875,4
0,22,20.0,6.5,3
0,22,25.0,8.125,3
0,22,30.0,9.75,2
0,22,35.0,11.375,3
0,22,40.0,13.0,2
0,23,5.0,1.625,5
0,23,10.0,3.25,6
0,23,15.0,4.875,8
0,23,20.0,6.5,7
0,23,25.0,8.125,8
0,23,30.0,9.75,8
0,23,35.0,11.375,5
0,23,40.0,13.0,2
0,24,5.0,1.625,3
0,24,10.0,3.25,5
0,24,15.0,4.875,3
0,24,20.0,6.5,3
0,25,5.0,1.625,4
0,25,10.0,3.25,3
0,25,15.0,4.875,6
0,25,20.0,6.5,6
0,25,25.0,8.125,4
0,25,30.0,9.75,5
0,25,35.0,11.375,3
0,26,5.0,1.625,3
0,26,10.0,3.25,1
0,26,15.0,4.875,1
0,26,20.0,6.5,1
0,26,25.0,8.125,1
0,27,5.0,1.625,0
0,27,10.0,3.25,5
0,27,15.0,4.875,3
0,27,20.0,6.5,2
0,27,25.0,8.125,4
0,27,30.0,9.75,4
0,27,35.0,11.375,4
0,27,40.0,13.0,3
0,27,45.0,14.625,3
0,27,50.0,16.25,1
0,27,55.0,17.875,1
0,27,60.0,19.5,1
0,27,65.0,21.125,1
0,27,70.0,22.75,1
0,27,75.0,24.375,1
0,28,5.0,1.625,0
0,28,10.0,3.25,6
0,28,15.0,4.875,6
0,28,20.0,6.5,4
0,28,25.0,8.125,6
0,28,30.0,9.75,5
0,28,35.0,11.375,3
0,28,40.0,13.0,1
1,1,5.0,1.625,5
1,1,10.0,3.25,5
1,1,15.0,4.875,8
1,1,20.0,6.5,6
1,1,25.0,8.125,6
1,1,30.0,9.75,5
1,1,35.0,11.375,2
1,1,40.0,13.0,2
1,1,45.0,14.625,4
1,1,50.0,16.25,2
1,1,55.0,17.875,4
1,1,60.0,19.5,1
1,1,65.0,21.125,1
1,1,70.0,22.75,1
1,2,5.0,1.625,4
1,2,10.0,3.25,6
1,2,15.0,4.875,11
1,2,20.0,6.5,9
1,2,25.0,8.125,10
1,2,30.0,9.75,12
1,2,35.0,11.375,8
1,2,40.0,13.0,11
1,2,45.0,14.625,9
1,2,50.0,16.25,5
1,2,55.0,17.875,1
1,2,60.0,19.5,1
1,2,65.0,21.125,1
1,2,70.0,22.75,3
1,3,5.0,1.625,5
1,3,10.0,3.25,8
1,3,15.0,4.875,16
1,3,20.0,6.5,13
1,3,25.0,8.125,13
1,3,30.0,9.75,5
1,3,35.0,11.375,10
1,4,5.0,1.625,6
1,4,10.0,3.25,6
1,4,15.0,4.875,7
1,4,20.0,6.5,9
1,4,25.0,8.125,10
1,4,30.0,9.75,7
1,4,35.0,11.375,16
1,4,40.0,13.0,11
1,4,45.0,14.625,5
1,4,50.0,16.25,2
1,4,55.0,17.875,2
1,4,60.0,19.5,4
1,4,65.0,21.125,1
1,5,5.0,1.625,3
1,5,10.0,3.25,5
1,5,15.0,4.875,9
1,5,20.0,6.5,8
1,5,25.0,8.125,8
1,5,30.0,9.75,9
1,5,35.0,11.375,10
1,5,40.0,13.0,9
1,5,45.0,14.625,10
1,5,50.0,16.25,4
1,5,55.0,17.875,7
1,5,60.0,19.5,2
1,5,65.0,21.125,1
1,5,70.0,22.75,1
1,5,75.0,24.375,1
1,5,80.0,26.0,1
1,5,85.0,27.625,1
1,5,90.0,29.25,3
1,6,5.0,1.625,5
1,6,10.0,3.25,5
1,6,15.0,4.875,6
1,6,20.0,6.5,11
1,6,25.0,8.125,13
1,6,30.0,9.75,16
1,6,35.0,11.375,11
1,6,40.0,13.0,5
1,6,45.0,14.625,3
1,6,50.0,16.25,1
1,7,5.0,1.625,3
1,7,10.0,3.25,8
1,7,15.0,4.875,4
1,7,20.0,6.5,4
1,7,25.0,8.125,4
1,7,30.0,9.75,4
1,7,35.0,11.375,2
1,7,40.0,13.0,4
1,7,45.0,14.625,2
1,7,50.0,16.25,2
1,7,55.0,17.875,1
1,7,60.0,19.5,1
1,7,65.0,21.125,1
1,7,70.0,22.75,2
1,7,75.0,24.375,1
1,8,5.0,1.625,4
1,8,10.0,3.25,8
1,8,15.0,4.875,10
1,8,20.0,6.5,12
1,8,25.0,8.125,16
1,8,30.0,9.75,8
1,8,35.0,11.375,6
1,8,40.0,13.0,10
1,8,45.0,14.625,3
1,8,50.0,16.25,5
1,8,55.0,17.875,1
1,9,5.0,1.625,4
1,9,10.0,3.25,8
1,9,15.0,4.875,7
1,9,20.0,6.5,6
1,9,25.0,8.125,4
1,9,30.0,9.75,6
1,9,35.0,11.375,6
1,9,40.0,13.0,2
1,9,45.0,14.625,2
1,10,5.0,1.625,6
1,10,10.0,3.25,10
1,10,15.0,4.875,10
1,10,20.0,6.5,10
1,10,25.0,8.125,5
1,11,5.0,1.625,4
1,11,10.0,3.25,6
1,11,15.0,4.875,6
1,11,20.0,6.5,4
1,11,25.0,8.125,3
1,11,30.0,9.75,2
1,11,35.0,11.375,5
1,11,40.0,13.0,4
1,11,45.0,14.625,2
1,11,50.0,16.25,1
1,11,55.0,17.875,1
1,11,60.0,19.5,1
1,11,65.0,21.125,1
1,12,5.0,1.625,7
1,12,10.0,3.25,6
1,12,15.0,4.875,11
1,12,20.0,6.5,4
1,12,25.0,8.125,8
1,12,30.0,9.75,7
1,12,35.0,11.375,8
1,12,40.0,13.0,5
1,12,45.0,14.625,4
1,12,50.0,16.25,8
1,12,55.0,17.875,5
1,12,60.0,19.5,4
1,13,5.0,1.625,7
1,13,10.0,3.25,8
1,13,15.0,4.875,8
1,13,20.0,6.5,14
1,13,25.0,8.125,6
1,13,30.0,9.75,2
1,13,35.0,11.375,2
1,13,40.0,13.0,2
1,13,45.0,14.625,2
1,13,50.0,16.25,3
1,13,55.0,17.875,2
1,14,5.0,1.625,5
1,14,10.0,3.25,10
1,14,15.0,4.875,9
1,14,20.0,6.5,10
1,14,25.0,8.125,5
1,14,30.0,9.75,2
1,14,35.0,11.375,1
1,14,40.0,13.0,5
1,14,45.0,14.625,3
1,14,50.0,16.25,1
1,15,5.0,1.625,5
1,15,10.0,3.25,10
1,15,15.0,4.875,6
1,15,20.0,6.5,5
1,15,25.0,8.125,10
1,15,30.0,9.75,4
1,15,35.0,11.375,7
1,15,40.0,13.0,3
1,15,45.0,14.625,4
1,16,5.0,1.625,6
1,16,10.0,3.25,9
1,16,15.0,4.875,12
1,16,20.0,6.5,19
1,16,25.0,8.125,20
1,16,30.0,9.75,13
1,16,35.0,11.375,17
1,16,40.0,13.0,11
1,16,45.0,14.625,9
1,16,50.0,16.25,9
1,16,55.0,17.875,4
1,16,60.0,19.5,1
1,17,5.0,1.625,3
1,17,10.0,3.25,4
1,17,15.0,4.875,2
1,17,20.0,6.5,5
1,17,25.0,8.125,6
1,17,30.0,9.75,6
1,17,35.0,11.375,3
1,17,40.0,13.0,2
1,17,45.0,14.625,4
1,17,50.0,16.25,2
1,17,55.0,17.875,2
1,18,5.0,1.625,4
1,18,10.0,3.25,4
1,18,15.0,4.875,6
1,18,20.0,6.5,4
1,18,25.0,8.125,3
1,18,30.0,9.75,4
1,18,35.0,11.375,5
1,18,40.0,13.0,8
1,18,45.0,14.625,2
1,18,50.0,16.25,1
1,18,55.0,17.875,2
1,18,60.0,19.5,1
1,18,65.0,21.125,1
1,18,70.0,22.75,1
1,19,5.0,1.625,4
1,19,10.0,3.25,6
1,19,15.0,4.875,5
1,19,20.0,6.5,5
1,19,25.0,8.125,2
1,19,30.0,9.75,5
1,19,35.0,11.375,3
1,19,40.0,13.0,3
1,19,45.0,14.625,8
1,19,50.0,16.25,6
1,19,55.0,17.875,2
1,19,60.0,19.5,1
1,20,5.0,1.625,4
1,20,10.0,3.25,5
1,20,15.0,4.875,5
1,20,20.0,6.5,8
1,20,25.0,8.125,6
1,20,30.0,9.75,2
1,20,35.0,11.375,2
1,20,40.0,13.0,1
1,20,45.0,14.625,1
1,21,5.0,1.625,2
1,21,10.0,3.25,4
1,21,15.0,4.875,6
1,21,20.0,6.5,5
1,21,25.0,8.125,8
1,21,30.0,9.75,4
1,21,35.0,11.375,1
1,22,5.0,1.625,3
1,22,10.0,3.25,6
1,22,15.0,4.875,6
1,22,20.0,6.5,5
1,22,25.0,8.125,5
1,22,30.0,9.75,3
1,22,35.0,11.375,7
1,22,40.0,13.0,3
1,22,45.0,14.625,6
1,22,50.0,16.25,1
1,23,5.0,1.625,6
1,23,10.0,3.25,5
1,23,15.0,4.875,8
1,23,20.0,6.5,8
1,23,25.0,8.125,8
1,23,30.0,9.75,5
1,23,35.0,11.375,1
1,23,40.0,13.0,1
1,23,45.0,14.625,1
1,23,50.0,16.25,1
1,24,5.0,1.625,3
1,24,10.0,3.25,5
1,24,15.0,4.875,2
1,24,20.0,6.5,1
1,24,25.0,8.125,1
1,25,5.0,1.625,4
1,25,10.0,3.25,3
1,25,15.0,4.875,6
1,25,20.0,6.5,4
1,25,25.0,8.125,5
1,25,30.0,9.75,3
1,25,35.0,11.375,2
1,25,40.0,13.0,1
1,26,5.0,1.625,3
1,26,10.0,3.25,5
1,26,15.0,4.875,1
1,27,5.0,1.625,1
1,27,10.0,3.25,6
1,27,15.0,4.875,6
1,27,20.0,6.5,3
1,27,25.0,8.125,4
1,27,30.0,9.75,7
1,27,35.0,11.375,2
1,27,40.0,13.0,3
1,27,45.0,14.625,1
1,27,50.0,16.25,3
1,27,55.0,17.875,1
1,27,60.0,19.5,1
1,27,65.0,21.125,1
1,27,70.0,22.75,1
1,27,75.0,24.375,1
1,28,5.0,1.625,0
1,28,10.0,3.25,3
1,28,15.0,4.875,5
1,28,20.0,6.5,6
1,28,25.0,8.125,7
1,28,30.0,9.75,10
1,28,35.0,11.375,4
1,28,40.0,13.0,2
2,1,5.0,1.625,5
2,1,10.0,3.25,6
2,1,15.0,4.875,8
2,1,20.0,6.5,6
2,1,25.0,8.125,5
2,1,30.0,9.75,9
2,1,35.0,11.375,9
2,1,40.0,13.0,3
2,1,45.0,14.625,6
2,1,50.0,16.25,2
2,1,55.0,17.875,2
2,2,5.0,1.625,4
2,2,10.0,3.25,6
2,2,15.0,4.875,8
2,2,20.0,6.5,9
2,2,25.0,8.125,12
2,2,30.0,9.75,10
2,2,35.0,11.375,15
2,2,40.0,13.0,6
2,2,45.0,14.625,4
2,2,50.0,16.25,1
2,2,55.0,17.875,1
2,3,5.0,1.625,6
2,3,10.0,3.25,6
2,3,15.0,4.875,7
2,3,20.0,6.5,15
2,3,25.0,8.125,19
2,3,30.0,9.75,8
2,3,35.0,11.375,8
2,3,40.0,13.0,2
2,4,5.0,1.625,5
2,4,10.0,3.25,7
2,4,15.0,4.875,8
2,4,20.0,6.5,8
2,4,25.0,8.125,13
2,4,30.0,9.75,14
2,4,35.0,11.375,12
2,4,40.0,13.0,9
2,4,45.0,14.625,8
2,4,50.0,16.25,8
2,4,55.0,17.875,3
2,4,60.0,19.5,1
2,5,5.0,1.625,4
2,5,10.0,3.25,5
2,5,15.0,4.875,5
2,5,20.0,6.5,5
2,5,25.0,8.125,8
2,5,30.0,9.75,7
2,5,35.0,11.375,2
2,5,40.0,13.0,4
2,5,45.0,14.625,3
2,5,50.0,16.25,1
2,5,55.0,17.875,1
2,5,60.0,19.5,4
2,5,65.0,21.125,6
2,5,70.0,22.75,5
2,5,75.0,24.375,5
2,5,80.0,26.0,6
2,5,85.0,27.625,1
2,6,5.0,1.625,3
2,6,10.0,3.25,6
2,6,15.0,4.875,7
2,6,20.0,6.5,12
2,6,25.0,8.125,18
2,6,30.0,9.75,14
2,6,35.0,11.375,9
2,6,40.0,13.0,8
2,6,45.0,14.625,1
2,7,5.0,1.625,4
2,7,10.0,3.25,4
2,7,15.0,4.875,6
2,7,20.0,6.5,10
2,7,25.0,8.125,5
2,7,30.0,9.75,4
2,7,35.0,11.375,1
2,7,40.0,13.0,1
2,7,45.0,14.625,1
2,7,50.0,16.25,1
2,7,55.0,17.875,1
2,7,60.0,19.5,1
2,7,65.0,21.125,1
2,7,70.0,22.75,1
2,7,75.0,24.375,1
2,8,5.0,1.625,4
2,8,10.0,3.25,5
2,8,15.0,4.875,10
2,8,20.0,6.5,12
2,8,25.0,8.125,8
2,8,30.0,9.75,11
2,8,35.0,11.375,6
2,8,40.0,13.0,4
2,8,45.0,14.625,3
2,8,50.0,16.25,4
2,8,55.0,17.875,2
2,8,60.0,19.5,2
2,9,5.0,1.625,4
2,9,10.0,3.25,5
2,9,15.0,4.875,4
2,9,20.0,6.5,11
2,9,25.0,8.125,4
2,9,30.0,9.75,9
2,9,35.0,11.375,5
2,9,40.0,13.0,8
2,9,45.0,14.625,5
2,10,5.0,1.625,5
2,10,10.0,3.25,8
2,10,15.0,4.875,8
2,10,20.0,6.5,6
2,10,25.0,8.125,3
2,10,30.0,9.75,2
2,11,5.0,1.625,5
2,11,10.0,3.25,5
2,11,15.0,4.875,6
2,11,20.0,6.5,10
2,11,25.0,8.125,8
2,11,30.0,9.75,5
2,11,35.0,11.375,4
2,11,40.0,13.0,3
2,11,45.0,14.625,2
2,11,50.0,16.25,1
2,11,55.0,17.875,1
2,12,5.0,1.625,6
2,12,10.0,3.25,5
2,12,15.0,4.875,7
2,12,20.0,6.5,9
2,12,25.0,8.125,7
2,12,30.0,9.75,10
2,12,35.0,11.375,4
2,12,40.0,13.0,5
2,12,45.0,14.625,8
2,12,50.0,16.25,6
2,12,55.0,17.875,3
2,12,60.0,19.5,1
2,12,65.0,21.125,4
2,12,70.0,22.75,4
2,12,75.0,24.375,1
2,12,80.0,26.0,1
2,12,85.0,27.625,2
2,12,90.0,29.25,1
2,13,5.0,1.625,7
2,13,10.0,3.25,9
2,13,15.0,4.875,11
2,13,20.0,6.5,9
2,13,25.0,8.125,9
2,13,30.0,9.75,9
2,13,35.0,11.375,9
2,13,40.0,13.0,1
2,13,45.0,14.625,1
2,14,5.0,1.625,6
2,14,10.0,3.25,4
2,14,15.0,4.875,5
2,14,20.0,6.5,7
2,14,25.0,8.125,7
2,14,30.0,9.75,3
2,14,35.0,11.375,3
2,14,40.0,13.0,1
2,15,5.0,1.625,6
2,15,10.0,3.25,5
2,15,15.0,4.875,7
2,15,20.0,6.5,13
2,15,25.0,8.125,4
2,15,30.0,9.75,4
2,15,35.0,11.375,1
2,15,40.0,13.0,4
2,15,45.0,14.625,1
2,15,50.0,16.25,1
2,16,5.0,1.625,4
2,16,10.0,3.25,5
2,16,15.0,4.875,8
2,16,20.0,6.5,12
2,16,25.0,8.125,14
2,16,30.0,9.75,17
2,16,35.0,11.375,26
2,16,40.0,13.0,12
2,16,45.0,14.625,12
2,16,50.0,16.25,11
2,16,55.0,17.875,4
2,16,60.0,19.5,1
2,17,5.0,1.625,4
2,17,10.0,3.25,9
2,17,15.0,4.875,7
2,17,20.0,6.5,5
2,17,25.0,8.125,1
2,17,30.0,9.75,1
2,17,35.0,11.375,1
2,17,40.0,13.0,1
2,17,45.0,14.625,1
2,18,5.0,1.625,3
2,18,10.0,3.25,4
2,18,15.0,4.875,6
2,18,20.0,6.5,4
2,18,25.0,8.125,9
2,18,30.0,9.75,6
2,18,35.0,11.375,5
2,18,40.0,13.0,8
2,18,45.0,14.625,1
2,18,50.0,16.25,1
2,18,55.0,17.875,1
2,18,60.0,19.5,2
2,18,65.0,21.125,1
2,18,70.0,22.75,1
2,18,75.0,24.375,1
2,18,80.0,26.0,2
2,19,5.0,1.625,5
2,19,10.0,3.25,4
2,19,15.0,4.875,7
2,19,20.0,6.5,5
2,19,25.0,8.125,1
2,19,30.0,9.75,2
2,19,35.0,11.375,1
2,19,40.0,13.0,1
2,19,45.0,14.625,4
2,19,50.0,16.25,9
2,19,55.0,17.875,2
2,19,60.0,19.5,1
2,20,5.0,1.625,4
2,20,10.0,3.25,4
2,20,15.0,4.875,5
2,20,20.0,6.5,4
2,20,25.0,8.125,3
2,20,30.0,9.75,3
2,20,35.0,11.375,1
2,20,40.0,13.0,1
2,21,5.0,1.625,5
2,21,10.0,3.25,4
2,21,15.0,4.875,7
2,21,20.0,6.5,9
2,21,25.0,8.125,3
2,21,30.0,9.75,3
2,22,5.0,1.625,3
2,22,10.0,3.25,5
2,22,15.0,4.875,7
2,22,20.0,6.5,5
2,22,25.0,8.125,6
2,22,30.0,9.75,6
2,22,35.0,11.375,11
2,22,40.0,13.0,4
2,23,5.0,1.625,5
2,23,10.0,3.25,7
2,23,15.0,4.875,6
2,23,20.0,6.5,7
2,23,25.0,8.125,4
2,23,30.0,9.75,6
2,23,35.0,11.375,2
2,23,40.0,13.0,2
2,23,45.0,14.625,1
2,23,50.0,16.25,1
2,24,5.0,1.625,4
2,24,10.0,3.25,8
2,24,15.0,4.875,7
2,24,20.0,6.5,1
2,24,25.0,8.125,2
2,25,5.0,1.625,4
2,25,10.0,3.25,3
2,25,15.0,4.875,3
2,25,20.0,6.5,5
2,25,25.0,8.125,4
2,25,30.0,9.75,4
2,26,5.0,1.625,3
2,26,10.0,3.25,2
2,26,15.0,4.875,1
2,26,20.0,6.5,3
2,27,5.0,1.625,6
2,27,10.0,3.25,5
2,27,15.0,4.875,9
2,27,20.0,6.5,5
2,27,25.0,8.125,4
2,27,30.0,9.75,3
2,27,35.0,11.375,2
2,27,40.0,13.0,4
2,28,5.0,1.625,0
2,28,10.0,3.25,3
2,28,15.0,4.875,5
2,28,20.0,6.5,7
2,28,25.0,8.125,6
2,28,30.0,9.75,4
2,28,35.0,11.375,2
2,28,40.0,13.0,1
2,28,45.0,14.625,3
2,28,50.0,16.25,3
2,28,55.0,17.875,3
2,28,60.0,19.5,2
